timestamp,lat,lon,alt,alt_ellipsoid,delta_alt,eph,epv,terrain_alt,lat_lon_reset_counter,alt_reset_counter,terrain_alt_valid,dead_reckoning
14783848,-33.92487411420098,18.866337983984504,119.002335,150.3032,-0.0,1.3436073,1.8373609,118.90142,2,0,1,0
14793850,-33.924874114079984,18.86633797938339,119.000885,150.30176,-0.0,1.3436451,1.8373896,118.90032,2,0,1,0
15783963,-33.92487393979871,18.866337705377106,118.88642,150.19167,-0.0,1.0779068,1.7593324,118.81156,2,0,1,0
16784065,-33.92487375775238,18.866337589704106,118.85827,150.17703,-0.0,1.0317346,1.7312187,118.779785,2,0,1,0
17784175,-33.92487366492185,18.86633788684584,118.86216,150.1994,-0.0,1.0151398,1.7145292,118.76329,2,0,1,0
18784285,-33.92487314148202,18.866338416052823,118.82307,150.1843,-0.0,1.0075431,1.7049047,118.73274,2,0,1,0
19784419,-33.924872959437074,18.8663384807093,118.82272,150.2184,-0.0,1.0034193,1.7002842,118.72617,2,0,1,0
20784504,-33.924873720152036,18.866338272592593,118.89464,150.32709,-0.0,1.0058899,1.6987002,118.79775,2,0,1,0
21784617,-33.924874423708026,18.866338433785888,119.01098,150.46257,-0.0,1.017213,1.702673,118.91845,2,0,1,0
22784729,-33.92487353597194,18.86633871016218,119.08423,150.52432,-0.0,1.017536,1.7015994,118.94266,2,0,1,0
23784841,-33.9248719455958,18.86633949225659,119.03122,150.44165,-0.0,1.0195042,1.7024299,118.87005,2,0,1,0
24784955,-33.9248713494144,18.866340080216634,118.90089,150.29802,-0.0,1.0134671,1.6982204,118.79735,2,0,1,0
25785067,-33.92487116101386,18.866339592535304,118.87004,150.30746,-0.0,1.008515,1.6960781,118.79895,2,0,1,0
26785180,-33.92487091470251,18.866339160588247,118.917435,150.41606,-0.0,1.0037786,1.6935451,118.82584,2,0,1,0
27785294,-33.92486959846738,18.86633895064203,118.92095,150.4703,-0.0,0.9992869,1.6926733,118.82775,2,0,1,0
28785408,-33.92486788138667,18.866339158245864,118.942406,150.5463,-0.0,0.9955852,1.6910491,118.851,2,0,1,0
29785522,-33.92486581091307,18.866339520805962,118.92747,150.57469,-0.0,0.9928662,1.689726,118.835266,2,0,1,0
30785636,-33.92486418112979,18.86634008187605,118.933945,150.63857,-0.0,0.9907416,1.6896244,118.83372,2,0,1,0
31785750,-33.92486315717604,18.8663404309828,118.957115,150.72476,-0.0,0.9889846,1.6886644,118.876045,2,0,1,0
32775863,-33.924862812641194,18.866340389024142,119.03816,150.87666,-0.0,0.98718715,1.688647,118.9264,2,0,1,0
33786012,-33.924862603073066,18.86634022742707,119.02387,150.95256,-0.0,0.9860067,1.6880984,118.922295,2,0,1,0
34786093,-33.9248626769326,18.86633983024752,119.0224,151.05139,-0.0,0.98474634,1.6884265,118.92093,2,0,1,0
35786208,-33.9248630696926,18.86633934592355,119.026474,151.15529,-0.0,0.9836347,1.6878457,118.924,2,0,1,0
36776323,-33.924863474366575,18.86633895820138,119.04017,151.26866,-0.0,0.9824749,1.6881036,118.94584,2,0,1,0
37786439,-33.92486393331755,18.866338623222543,119.20325,151.53223,-0.0,0.98181134,1.6877768,119.12614,2,0,1,0
38786554,-33.92486429461323,18.86633835594997,119.37368,151.80238,-0.0,0.98104054,1.6873014,119.28385,2,0,1,0
39776667,-33.92486433473456,18.866338083466108,119.556564,152.08519,-0.0,0.98022217,1.687623,119.38088,2,0,1,0
40776782,-33.92486570927234,18.86633840659815,120.358345,152.97021,-0.0,0.98037446,1.68718,119.38088,2,0,1,0
41786898,-33.9248656319543,18.8663390471813,121.04634,153.68834,-0.0,0.98115706,1.6878588,119.38088,2,0,1,0
42787013,-33.92486426522978,18.866340100292263,121.717094,154.35355,-0.0,0.98119044,1.6874262,119.38088,2,0,1,0
43777128,-33.92486150281545,18.866340739881228,121.98089,154.58992,-0.0,0.98072654,1.6877761,119.38088,2,0,1,0
44777244,-33.92485718929637,18.866340852859977,122.19579,154.7555,-0.0,0.9804311,1.6873587,0.0,2,0,0,0
45787358,-33.92485767908986,18.866341294780845,122.54851,155.0293,-0.0,0.9802286,1.6880643,0.0,2,0,0,0
46777478,-33.92485695838857,18.866341885915087,123.09188,155.48953,-0.0,0.979452,1.6874794,0.0,2,0,0,0
47777594,-33.92485451260837,18.86634131679761,123.92261,156.22527,-0.0,0.9790544,1.6880137,0.0,2,0,0,0
48777710,-33.92485465557172,18.866340391110192,124.52825,156.73122,-0.0,0.97877216,1.6876049,0.0,2,0,0,0
49787828,-33.924857332582405,18.866340272920528,124.77679,156.88005,-0.0,0.9787408,1.687361,0.0,2,0,0,0
50777945,-33.92485834385992,18.866341129861716,125.14866,157.1545,-0.0,0.9783865,1.6877147,0.0,2,0,0,0
51778061,-33.92485900846266,18.866343340628518,125.71223,157.63184,-0.0,0.9782304,1.6872882,0.0,2,0,0,0
52778177,-33.92485889692136,18.866350216110455,126.145294,157.97957,-0.0,0.9780331,1.6878097,0.0,2,0,0,0
53778302,-33.92485852677439,18.866359758544736,126.47019,158.21101,-0.0,0.9778266,1.6873766,0.0,2,0,0,0
54778410,-33.92485701827218,18.86636793732992,126.80965,158.45111,-0.0,0.9775485,1.6878803,0.0,2,0,0,0
55778525,-33.92485699354339,18.86636917720614,127.49613,159.03784,-0.0,0.97735566,1.6874373,0.0,2,0,0,0
56778640,-33.92485794216542,18.86636564093784,128.22572,159.6677,-0.0,0.97728425,1.6879388,0.0,2,0,0,0
57778755,-33.92485675867125,18.866363766989785,128.89352,160.23512,-0.0,0.97725594,1.6874919,0.0,2,0,0,0
58778868,-33.9248561539352,18.866363963254305,129.395,160.64835,-0.0,0.9771799,1.6879901,0.0,2,0,0,0
59778981,-33.92485752781597,18.86636569913519,129.58858,160.76987,-0.0,0.9771573,1.6875409,0.0,2,0,0,0
60779097,-33.92485753167661,18.866365255870974,129.84424,160.96136,-0.0,0.97715104,1.6880496,0.0,2,0,0,0
61779219,-33.92485705040611,18.86636520215404,129.96803,161.02142,-0.0,0.9773379,1.6876091,0.0,2,0,0,0
62779320,-33.9248563277248,18.86636481462967,130.01225,161.0052,-0.0,0.9779022,1.6871734,0.0,2,0,0,0
63779431,-33.92485647615771,18.866365486133397,130.03273,160.9749,-0.0,0.9784962,1.6876916,0.0,2,0,0,0
64779543,-33.92485694707098,18.866365115961155,130.14822,161.05081,-0.0,0.97891724,1.6872611,0.0,2,0,0,0
65779654,-33.924857288419524,18.866365575639236,130.12935,160.9946,-0.0,0.97933096,1.6877747,0.0,2,0,0,0
66779790,-33.92485704856109,18.866365148333895,130.12833,160.95288,-0.0,0.9796804,1.687342,0.0,2,0,0,0
67779875,-33.9248573139403,18.866365454724804,130.12956,160.92157,-0.0,0.98020536,1.6878622,0.0,2,0,0,0
68779987,-33.92485265056985,18.866365856648216,130.16162,160.94948,-0.0,0.98056877,1.6874309,0.0,2,0,0,0
69780094,-33.92484279472995,18.866366788212886,130.26538,161.043,-0.0,0.9807975,1.6879432,0.0,2,0,0,0
70780201,-33.92483074908273,18.86636772503249,130.36665,161.11568,-0.0,0.9810483,1.6875185,0.0,2,0,0,0
71780307,-33.924818758829474,18.866369202910963,130.32616,161.02545,-0.0,0.9811214,1.6870911,0.0,2,0,0,0
72780412,-33.92480647447598,18.866370888699702,130.33926,160.97662,-0.0,0.9811141,1.6876032,0.0,2,0,0,0
73780563,-33.92479455226946,18.866372218938984,130.24979,160.81203,-0.0,0.98109734,1.6871713,0.0,2,0,0,0
74780616,-33.92478230232974,18.866373202654696,130.18283,160.66934,-0.0,0.9810132,1.6876898,0.0,2,0,0,0
75780716,-33.92477016895482,18.86637326445441,130.09811,160.51987,-0.0,0.9810587,1.6872661,0.0,2,0,0,0
76780816,-33.924758295768086,18.86637373076012,130.05746,160.4247,-0.0,0.9809465,1.687781,0.0,2,0,0,0
77780917,-33.92474737388926,18.866373804188363,130.13727,160.45538,-0.0,0.9808397,1.6873503,0.0,2,0,0,0
78781015,-33.92473577622564,18.866374749864157,130.07582,160.33994,-0.0,0.9808069,1.687867,0.0,2,0,0,0
79781113,-33.924724043900994,18.866375096534377,130.05194,160.25604,-0.0,0.98086184,1.6874425,0.0,2,0,0,0
80781247,-33.924713172907005,18.866375594331526,130.11401,160.25449,-0.0,0.9809558,1.6879615,0.0,2,0,0,0
81781308,-33.92470199152592,18.866375985041298,130.10626,160.18855,-0.0,0.98099697,1.6875339,0.0,2,0,0,0
82781404,-33.924691718921004,18.866377313992153,130.15036,160.18188,-0.0,0.98093176,1.6871066,0.0,2,0,0,0
83781498,-33.92468049174064,18.866378417380282,130.0975,160.06506,-0.0,0.9811817,1.6876253,0.0,2,0,0,0
84781613,-33.92466918469496,18.866379602141542,130.0668,159.9654,-0.0,0.9812655,1.6871971,0.0,2,0,0,0
85781687,-33.924657649100205,18.866380322140124,130.05063,159.88354,-0.0,0.981259,1.6877112,0.0,2,0,0,0
86781780,-33.924646698035005,18.866380998182006,130.03036,159.80801,-0.0,0.9816659,1.6872909,0.0,2,0,0,0
87781947,-33.92463531735064,18.86638210474217,130.08337,159.80856,-0.0,0.98210883,1.6878102,0.0,2,0,0,0
88781964,-33.92462409312074,18.866382815280186,130.03793,159.72023,-0.0,0.9822953,1.6873834,0.0,2,0,0,0
89782052,-33.924613082242395,18.866383294295023,130.1269,159.77742,-0.0,0.9822276,1.6879026,0.0,2,0,0,0
90782142,-33.92460193283485,18.866383717877255,130.12025,159.73897,-0.0,0.9819052,1.6874804,0.0,2,0,0,0
91782231,-33.924591132048796,18.866384389804583,130.14377,159.72528,-0.0,0.9813316,1.6879958,0.0,2,0,0,0
92782352,-33.92457996617415,18.866384862048815,130.18896,159.72137,-0.0,0.98082227,1.687567,0.0,2,0,0,0
93782407,-33.924570019171234,18.86638596176075,130.1268,159.60422,-0.0,0.98053247,1.6871428,0.0,2,0,0,0
94782522,-33.92457319240973,18.866386670429943,129.93169,159.35544,-0.0,0.9808532,1.6876585,0.0,2,0,0,0
95782577,-33.92458419155482,18.866387399021352,129.83804,159.24167,-0.0,0.9812328,1.6872294,0.0,2,0,0,0
96782660,-33.92459702533756,18.86638769686299,129.99236,159.41318,-0.0,0.9812632,1.6877449,0.0,2,0,0,0
97782741,-33.92461029525744,18.866388215566403,130.00919,159.46806,-0.0,0.9814439,1.6873187,0.0,2,0,0,0
98782819,-33.92462178894663,18.866388349136063,130.05786,159.57195,-0.0,0.9815126,1.6878415,0.0,2,0,0,0
99782896,-33.924632474137496,18.86638717601212,130.14612,159.71652,-0.0,0.9815678,1.6874176,0.0,2,0,0,0
100782970,-33.924642049893826,18.86638589038411,130.21826,159.83633,-0.0,0.9817474,1.6879358,0.0,2,0,0,0
101783043,-33.92465245986152,18.866384948260663,130.23553,159.89551,-0.0,0.981593,1.6875132,0.0,2,0,0,0
102783114,-33.92466298900952,18.866384246704374,130.31715,160.0152,-0.0,0.9813679,1.687092,0.0,2,0,0,0
103783183,-33.92467479876348,18.866384537098103,130.13522,159.86821,-0.0,0.9812298,1.6876103,0.0,2,0,0,0
104783251,-33.92468597844621,18.866384727650075,130.04787,159.82701,-0.0,0.9812106,1.6871834,0.0,2,0,0,0
105783318,-33.92469731207895,18.86638476020982,130.01633,159.85107,-0.0,0.98117906,1.6877055,0.0,2,0,0,0
106783383,-33.92470773667797,18.866384700255853,130.05946,159.9597,-0.0,0.98106396,1.6872797,0.0,2,0,0,0
107783446,-33.924718415161614,18.86638430180002,130.07521,160.03723,-0.0,0.9810797,1.6877971,0.0,2,0,0,0
108783550,-33.92472864208736,18.866383768271717,130.095,160.11111,-0.0,0.98121357,1.6873671,0.0,2,0,0,0
109783569,-33.92473975183685,18.86638296642896,130.15044,160.22455,-0.0,0.98119897,1.6878854,0.0,2,0,0,0
110783627,-33.924748290330285,18.866382724227634,130.17255,160.29813,-0.0,0.98129576,1.6874608,0.0,2,0,0,0
111783684,-33.92474398293917,18.86638280481594,130.17215,160.3356,-0.0,0.9812896,1.687973,0.0,2,0,0,0
112783739,-33.924731699911014,18.866383285024597,130.2515,160.43597,-0.0,0.98113143,1.6875353,0.0,2,0,0,0
113783794,-33.92471782828219,18.866384007990995,130.24954,160.43103,-0.0,0.981194,1.6871064,0.0,2,0,0,0
114783848,-33.92470413083544,18.86638496163304,130.22281,160.39217,-0.0,0.9811324,1.6876262,0.0,2,0,0,0
115783901,-33.92469217533031,18.86638581669527,130.1594,160.31018,-0.0,0.981022,1.6872013,0.0,2,0,0,0
116784006,-33.92468016452317,18.866386904660388,130.16629,160.28902,-0.0,0.98117316,1.6877168,0.0,2,0,0,0
117784006,-33.92466894453002,18.866387751691395,130.08788,160.18246,-0.0,0.9811929,1.687288,0.0,2,0,0,0
118784059,-33.924657780490634,18.866388503376953,130.05693,160.12164,-0.0,0.9811976,1.6878108,0.0,2,0,0,0
119784108,-33.924647328943884,18.86638867531158,130.08365,160.11313,-0.0,0.98122525,1.6873873,0.0,2,0,0,0
120784159,-33.924636927312626,18.866389640556342,130.13904,160.11711,-0.0,0.98116624,1.6879051,0.0,2,0,0,0
121784216,-33.92462623387114,18.866390603325197,130.18376,160.09912,-0.0,0.9810617,1.6874833,0.0,2,0,0,0
122784260,-33.924614146097475,18.86639186630449,130.23442,160.08069,-0.0,0.9808798,1.6880026,0.0,2,0,0,0
123784310,-33.924602466021184,18.86639275063681,130.19681,159.97005,-0.0,0.9809933,1.6875757,0.0,2,0,0,0
124784393,-33.92459112461768,18.866393581293842,130.14465,159.8468,-0.0,0.9812628,1.687149,0.0,2,0,0,0
125784410,-33.92458023135859,18.866394433129575,130.08228,159.71288,-0.0,0.9812202,1.6876676,0.0,2,0,0,0
126784459,-33.9245694712942,18.866395083690726,130.0387,159.60638,-0.0,0.9810181,1.6872438,0.0,2,0,0,0
127784506,-33.924558976452595,18.866395627035764,130.02797,159.55273,-0.0,0.9808142,1.6877608,0.0,2,0,0,0
128784554,-33.92454770004283,18.866395816188657,130.05438,159.5411,-0.0,0.980595,1.6873312,0.0,2,0,0,0
129784605,-33.92453662003714,18.866396099451595,130.07204,159.53687,-0.0,0.98037815,1.6878463,0.0,2,0,0,0
130784649,-33.92452517892232,18.866396366305693,130.12483,159.58405,-0.0,0.9804502,1.6874224,0.0,2,0,0,0
131784695,-33.924514117682385,18.86639632091759,130.16174,159.62685,-0.0,0.9805193,1.6879416,0.0,2,0,0,0
132784776,-33.92450331778853,18.866396391521064,130.17964,159.63907,-0.0,0.9806891,1.6875104,0.0,2,0,0,0
133784787,-33.92449365707281,18.86639658170845,130.2719,159.72173,-0.0,0.98097664,1.6880256,0.0,2,0,0,0
134784833,-33.924491009031016,18.866395838253865,130.36461,159.80069,-0.0,0.9811015,1.6875972,0.0,2,0,0,0
135784878,-33.92449322683634,18.866396480802276,130.42638,159.82108,-0.0,0.98117614,1.6871709,0.0,2,0,0,0
136784923,-33.92449567559228,18.866397220442753,130.21332,159.54605,-0.0,0.98130864,1.6876863,0.0,2,0,0,0
137784967,-33.92449565953708,18.866396815966507,129.93224,159.21426,-0.0,0.98164,1.6872569,0.0,2,0,0,0
138785010,-33.924495321653716,18.86639610273614,130.00034,159.25082,-0.0,0.9821911,1.6877757,0.0,2,0,0,0
139785054,-33.92449455257256,18.86639685115489,130.02919,159.25772,-0.0,0.98236936,1.6873523,0.0,2,0,0,0
140785109,-33.9244935937773,18.866397017833677,130.04553,159.2734,-0.0,0.98228717,1.6878709,0.0,2,0,0,0
141785139,-33.924492797045595,18.866396909051165,130.08942,159.32344,-0.0,0.9823358,1.6874474,0.0,2,0,0,0
142785180,-33.92449293591804,18.866396591165458,130.06049,159.30127,-0.0,0.9825407,1.6879691,0.0,2,0,0,0
143785223,-33.924494262855184,18.866396545666994,129.98888,159.24643,-0.0,0.9828003,1.6875434,0.0,2,0,0,0
144785264,-33.924494853131094,18.866396448213766,130.00879,159.30069,-0.0,0.98273784,1.6871166,0.0,2,0,0,0
145785304,-33.92449867486339,18.86639705958975,130.08868,159.42188,-0.0,0.9825634,1.6876322,0.0,2,0,0,0
146785345,-33.92450756131772,18.866397539504852,130.1694,159.54309,-0.0,0.98259,1.6872094,0.0,2,0,0,0
147785385,-33.92451916748063,18.866397213859504,130.31429,159.7092,-0.0,0.9831051,1.6877265,0.0,2,0,0,0
148785430,-33.924529842842574,18.86639652619761,130.49544,159.87097,-0.0,0.9835157,1.6872982,0.0,2,0,0,0
149785462,-33.92454116680149,18.866395294770587,130.55609,159.8731,-0.0,0.98355484,1.6878135,0.0,2,0,0,0
150785500,-33.924552308592894,18.866395248710187,130.5842,159.814,-0.0,0.9834894,1.6873907,0.0,2,0,0,0
151775537,-33.924564547434805,18.866394001717136,130.31775,159.44751,-0.0,0.98325133,1.687742,0.0,2,0,0,0
152785574,-33.92457536863336,18.86639295811618,130.13565,159.16602,-0.0,0.98361796,1.6874815,0.0,2,0,0,0
153785610,-33.9245866945817,18.86639247474635,130.13968,159.06926,-0.0,0.9837842,1.6879919,0.0,2,0,0,0
154785645,-33.92459760204292,18.86639317436136,130.17139,159.00124,-0.0,0.9835847,1.6875628,0.0,2,0,0,0
155785680,-33.92460864422561,18.866393322737817,130.23138,158.96867,-0.0,0.98302895,1.6871343,0.0,2,0,0,0
156785714,-33.92461973248167,18.866393730948,130.26186,158.90004,-0.0,0.9825609,1.6876514,0.0,2,0,0,0
157785777,-33.924630200410014,18.866392930936644,130.3068,158.84547,-0.0,0.98250055,1.6872234,0.0,2,0,0,0
158775827,-33.9246408021677,18.866391911970673,130.21295,158.65152,-0.0,0.9824409,1.6875708,0.0,2,0,0,0
159785812,-33.92465133641057,18.866390472031032,130.14772,158.4859,-0.0,0.9824226,1.687318,0.0,2,0,0,0
160785844,-33.92466209535988,18.866390079731374,130.09915,158.34047,-0.0,0.98210394,1.6878346,0.0,2,0,0,0
161785875,-33.92467315526217,18.86638940359241,130.08961,158.24695,-0.0,0.98168635,1.6874065,0.0,2,0,0,0
162775906,-33.92468439149949,18.866388370305206,129.9509,158.05334,-0.0,0.9811766,1.6877514,0.0,2,0,0,0
163785937,-33.92469559404761,18.866388075056147,129.91292,158.00378,-0.0,0.9813014,1.6874962,0.0,2,0,0,0
164785969,-33.92470636117875,18.866388262140624,129.95915,158.07239,-0.0,0.9812288,1.6880174,0.0,2,0,0,0
165775997,-33.92471662863742,18.86638798027617,129.9904,158.13792,-0.0,0.9810684,1.6874205,0.0,2,0,0,0
166786152,-33.924727864325384,18.866388051555322,130.02539,158.22803,-0.0,0.9812027,1.687167,0.0,2,0,0,0
167786181,-33.9247389676334,18.866388437485945,130.1291,158.39143,-0.0,0.9812432,1.6876882,0.0,2,0,0,0
168786214,-33.924750299747906,18.86638887422907,130.31703,158.64566,-0.0,0.9811665,1.6872616,0.0,2,0,0,0
169776239,-33.924760896770664,18.86638937179466,130.45036,158.82515,-0.0,0.9810255,1.6876078,0.0,2,0,0,0
170786267,-33.924771571368844,18.866389620110464,130.37059,158.77284,-0.0,0.9810525,1.6873504,0.0,2,0,0,0
171786296,-33.924782385422674,18.86638953022909,130.28403,158.70377,-0.0,0.98094344,1.6878707,0.0,2,0,0,0
172776320,-33.92479270717991,18.866388965088092,130.24359,158.6687,-0.0,0.98056024,1.6872698,0.0,2,0,0,0
173786357,-33.92480273382081,18.866388022611705,130.36504,158.76651,-0.0,0.98076355,1.6879526,0.0,2,0,0,0
174786370,-33.92481269677168,18.86638757469715,130.48846,158.82446,-0.0,0.9809247,1.6875237,0.0,2,0,0,0
175786394,-33.924812745966925,18.866387887457467,130.25066,158.4869,-0.0,0.98109144,1.6871003,0.0,2,0,0,0
176776418,-33.924802772261,18.866388338250587,129.8709,158.01352,-0.0,0.98098165,1.6874454,0.0,2,0,0,0
177786441,-33.92478945531948,18.866388903327916,129.82837,157.91808,-0.0,0.9811478,1.6871856,0.0,2,0,0,0
178786465,-33.92477645560515,18.86638891543923,129.9353,157.99792,-0.0,0.9811486,1.6876988,0.0,2,0,0,0
179776488,-33.92476402391864,18.866389741151984,130.05862,158.10454,-0.0,0.9809375,1.6871071,0.0,2,0,0,0
180776511,-33.92475272734518,18.866390210238713,130.17412,158.21179,-0.0,0.98086286,1.6876241,0.0,2,0,0,0
181786535,-33.92474203025022,18.86639077623179,130.18413,158.22179,-0.0,0.98080355,1.6873608,0.0,2,0,0,0
182786574,-33.92473152527957,18.86639156985673,130.16829,158.22552,-0.0,0.98044944,1.6878749,0.0,2,0,0,0
183776582,-33.92472092216675,18.86639268396243,130.10417,158.19733,-0.0,0.97981954,1.6872779,0.0,2,0,0,0
184786605,-33.9247101671282,18.866393426340416,130.10677,158.26175,-0.0,0.9797098,1.6879666,0.0,2,0,0,0
185786629,-33.92471003422504,18.866393806972212,130.03047,158.26085,-0.0,0.9796456,1.6875389,0.0,2,0,0,0
186776652,-33.92471981556209,18.866393508911436,129.95583,158.27458,-0.0,0.9793675,1.6878809,0.0,2,0,0,0
187776716,-33.9247340258465,18.866392933075982,129.99152,158.408,-0.0,0.97941834,1.6874529,0.0,2,0,0,0
188786699,-33.92474676420633,18.86639244949426,130.12209,158.63132,-0.0,0.9798061,1.6871991,0.0,2,0,0,0
189786721,-33.92475951054265,18.8663914115666,130.23196,158.82234,-0.0,0.979856,1.6877165,0.0,2,0,0,0
190776743,-33.924770127429476,18.86639028694326,130.21207,158.86755,-0.0,0.9796505,1.6871188,0.0,2,0,0,0
191786764,-33.924781814684614,18.866388797662527,130.18779,158.9035,-0.0,0.9798108,1.6878021,0.0,2,0,0,0
192786785,-33.9247925566438,18.86638810630234,130.24176,159.00534,-0.0,0.9796156,1.6873769,0.0,2,0,0,0
193776820,-33.924803822710345,18.86638748154816,130.273,159.06087,-0.0,0.9794133,1.6877257,0.0,2,0,0,0
194776875,-33.92481461308446,18.866386696299617,130.18578,158.98274,-0.0,0.97963774,1.6873004,0.0,2,0,0,0
195786848,-33.92482567836871,18.86638561411011,130.11142,158.91072,-0.0,0.97991145,1.6879858,0.0,2,0,0,0
196786868,-33.92483699150362,18.866385014384274,130.07283,158.88434,-0.0,0.97974306,1.6875587,0.0,2,0,0,0
197776888,-33.92484787786875,18.866385331445354,130.0437,158.87024,-0.0,0.9794942,1.687911,0.0,2,0,0,0
198776908,-33.92485865293314,18.86638578938768,129.97362,158.8204,-0.0,0.9795187,1.6874838,0.0,2,0,0,0
199786960,-33.92486906971768,18.866386069636608,130.04878,158.92838,-0.0,0.9799449,1.6872243,0.0,2,0,0,0
200776945,-33.92487941825894,18.866385879359715,130.15988,159.08038,-0.0,0.9798413,1.6875712,0.0,2,0,0,0
201776964,-33.92489057469117,18.86638573523917,130.10616,159.08305,-0.0,0.9798392,1.6871499,0.0,2,0,0,0
202786983,-33.92489782809802,18.86638565486441,130.11699,159.1574,-0.0,0.97995913,1.6878337,0.0,2,0,0,0
203787002,-33.92489239426513,18.866385214243014,130.13449,159.23114,-0.0,0.97990525,1.6874007,0.0,2,0,0,0
204777020,-33.92488069771616,18.8663840655736,130.3132,159.45374,-0.0,0.97975886,1.6877509,0.0,2,0,0,0
205777039,-33.92486716326024,18.86638337541875,130.40526,159.54767,-0.0,0.97972697,1.687327,0.0,2,0,0,0
206787057,-33.924853806780376,18.866383129071053,130.3321,159.4376,-0.0,0.9799393,1.688015,0.0,2,0,0,0
207777077,-33.924842452640966,18.866383175804934,130.2472,159.29936,-0.0,0.9798887,1.6874173,0.0,2,0,0,0
208777130,-33.924831384745396,18.866383622536084,130.27075,159.2576,-0.0,0.9799744,1.6879393,0.0,2,0,0,0
209787115,-33.924820442128365,18.866383666970325,130.16296,159.06049,-0.0,0.98029494,1.6876853,0.0,2,0,0,0
210787135,-33.92480905019188,18.866383720603448,130.12886,158.93234,-0.0,0.98059225,1.6872594,0.0,2,0,0,0
211777153,-33.924798484241954,18.866383694266545,130.09712,158.80838,-0.0,0.9805786,1.6876063,0.0,2,0,0,0
212777173,-33.924787607664854,18.86638340082903,130.10869,158.72644,-0.0,0.9808038,1.6871802,0.0,2,0,0,0
213787193,-33.92477701166266,18.866383031715955,130.14264,158.67815,-0.0,0.9814649,1.687865,0.0,2,0,0,0
214777214,-33.92476554673928,18.86638316367608,130.13467,158.59387,-0.0,0.981671,1.6872677,0.0,2,0,0,0
215777234,-33.92475394176007,18.866383198425066,130.06845,158.4674,-0.0,0.9815516,1.6877807,0.0,2,0,0,0
216787255,-33.924742086138274,18.866383382690756,130.0119,158.3792,-0.0,0.9815006,1.6875206,0.0,2,0,0,0
217787280,-33.9247311463516,18.86638322291986,129.9509,158.31815,-0.0,0.98118544,1.6870973,0.0,2,0,0,0
218777295,-33.924720799147906,18.866382991582185,130.0558,158.45625,-0.0,0.9806526,1.6874443,0.0,2,0,0,0
219777316,-33.92471048110463,18.866382840984993,130.13766,158.57335,-0.0,0.980631,1.6879582,0.0,2,0,0,0
220787337,-33.92469949981562,18.86638317116574,130.19427,158.65465,-0.0,0.98092514,1.687694,0.0,2,0,0,0
221777358,-33.924688350785694,18.866382875878326,130.24556,158.7197,-0.0,0.98077774,1.687101,0.0,2,0,0,0
222777381,-33.92467680189759,18.866382493349004,130.20667,158.69174,-0.0,0.9809987,1.687617,0.0,2,0,0,0
223777402,-33.92466563519997,18.866381932289865,130.1238,158.62537,-0.0,0.9808934,1.6871864,0.0,2,0,0,0
224787423,-33.92465514312042,18.866381552236806,130.09052,158.60506,-0.0,0.9808021,1.6878686,0.0,2,0,0,0
225777445,-33.92465647710761,18.866381240059177,130.00137,158.53096,-0.0,0.9802737,1.6872714,0.0,2,0,0,0
226777521,-33.92466743889334,18.86638122403088,130.13368,158.69092,-0.0,0.9802173,1.6877841,0.0,2,0,0,0
227787489,-33.924681285350005,18.866379956445424,130.28755,158.84857,-0.0,0.9807789,1.687526,0.0,2,0,0,0
228777511,-33.92469452664141,18.866379930722825,130.32576,158.86813,-0.0,0.98099977,1.6878728,0.0,2,0,0,0
229777531,-33.92470699193936,18.866379642261467,130.26688,158.7663,-0.0,0.98114896,1.687445,0.0,2,0,0,0
230777552,-33.924718553281046,18.866378970268393,130.22406,158.66502,-0.0,0.9811241,1.6870257,0.0,2,0,0,0
231787572,-33.92472991394765,18.866377687605457,130.3063,158.6806,-0.0,0.9813383,1.6877123,0.0,2,0,0,0
232777592,-33.924741666221394,18.86637758105608,130.25784,158.55334,-0.0,0.981111,1.6871171,0.0,2,0,0,0
233777612,-33.924753204509145,18.866376979823386,130.1712,158.40332,-0.0,0.98094106,1.6876291,0.0,2,0,0,0
234787641,-33.92476517942308,18.866376070282882,129.99214,158.17784,-0.0,0.9809722,1.6873733,0.0,2,0,0,0
235777649,-33.924776853564374,18.866374721046732,130.03362,158.18701,-0.0,0.9806255,1.6877257,0.0,2,0,0,0
236777667,-33.924787573473246,18.866373321222333,129.94145,158.05945,-0.0,0.9804512,1.6873003,0.0,2,0,0,0
237777685,-33.92479715214527,18.86637276794747,129.98367,158.07301,-0.0,0.98048675,1.6878155,0.0,2,0,0,0
238787703,-33.924807468306405,18.866371459160185,130.18384,158.24487,-0.0,0.9808171,1.6875579,0.0,2,0,0,0
239777720,-33.9248177992749,18.866370618569878,130.27063,158.28874,-0.0,0.98054326,1.6879085,0.0,2,0,0,0
240777738,-33.92482911377334,18.866370283679082,130.31007,158.27028,-0.0,0.98037046,1.687481,0.0,2,0,0,0
241787755,-33.92483398691971,18.866370638426577,130.17938,158.07338,-0.0,0.98049337,1.6872208,0.0,2,0,0,0
242777771,-33.9248264230926,18.866370428486956,130.05266,157.8998,-0.0,0.9801107,1.6875625,0.0,2,0,0,0
243777787,-33.924812647569,18.866370888392,130.12213,157.92876,-0.0,0.9801085,1.6871334,0.0,2,0,0,0
244777802,-33.92480013513002,18.86637030495014,130.17973,157.95233,-0.0,0.9801185,1.687643,0.0,2,0,0,0
245787817,-33.92478676530954,18.866370917697786,130.21194,157.96231,-0.0,0.9803195,1.6873839,0.0,2,0,0,0
246777832,-33.92477510835631,18.866370354013885,130.23805,157.9659,-0.0,0.9800503,1.6877294,0.0,2,0,0,0
247777846,-33.92476235997944,18.866369477492107,130.24156,157.94225,-0.0,0.9798985,1.687306,0.0,2,0,0,0
248787859,-33.92475091353909,18.866367837479494,130.19926,157.87308,-0.0,0.98004353,1.6879971,0.0,2,0,0,0
249777873,-33.92473962604018,18.866366538013416,130.28413,157.91959,-0.0,0.97981405,1.6874026,0.0,2,0,0,0
250777882,-33.92472935098319,18.866364603699708,130.25983,157.85577,-0.0,0.9797848,1.6879154,0.0,2,0,0,0
251777893,-33.92471810862296,18.86636288940034,130.19579,157.74146,-0.0,0.9799926,1.6874907,0.0,2,0,0,0
252787903,-33.92470722529637,18.86636084334646,130.2349,157.74933,-0.0,0.9803492,1.6872365,0.0,2,0,0,0
253777914,-33.92469667939031,18.8663588355897,130.25375,157.73056,-0.0,0.97995025,1.6875832,0.0,2,0,0,0
254777922,-33.92468625956022,18.866356846805367,130.30774,157.74484,-0.0,0.9798279,1.6871535,0.0,2,0,0,0
255777930,-33.92467520422113,18.86635564044283,130.21558,157.60318,-0.0,0.9797067,1.6876669,0.0,2,0,0,0
256777938,-33.92466924904236,18.866355510271454,130.1884,157.52826,-0.0,0.97982436,1.687244,0.0,2,0,0,0
257777945,-33.9246757024527,18.8663571836149,130.03941,157.32697,-0.0,0.98008,1.6877528,0.0,2,0,0,0
258777952,-33.92468812665113,18.866359434685638,130.20082,157.42438,-0.0,0.9804311,1.6873219,0.0,2,0,0,0
259787965,-33.92470065253357,18.86636219815343,130.234,157.36418,-0.0,0.9809754,1.6880044,0.0,2,0,0,0
260777964,-33.92471346082609,18.866365534160433,130.14935,157.18953,-0.0,0.98103094,1.6874095,0.0,2,0,0,0
261777968,-33.92472522069782,18.866369071541083,130.26192,157.20807,-0.0,0.98094034,1.6879292,0.0,2,0,0,0
262777972,-33.924736675483075,18.8663711350285,130.32632,157.17291,-0.0,0.9806756,1.6875027,0.0,2,0,0,0
263777976,-33.92474805667242,18.866373483407784,130.17351,156.91931,-0.0,0.98047304,1.6870747,0.0,2,0,0,0
264777980,-33.92475943438801,18.866376436819145,130.01424,156.66109,-0.0,0.98069614,1.6875914,0.0,2,0,0,0
265777982,-33.924769746469835,18.866378836525758,130.04031,156.59721,-0.0,0.9811679,1.6871697,0.0,2,0,0,0
266787988,-33.92478070721683,18.86638161932547,130.05045,156.5503,-0.0,0.9813613,1.6878555,0.0,2,0,0,0
267777988,-33.92479097994049,18.866384146286247,130.09036,156.56442,-0.0,0.98100567,1.6872592,0.0,2,0,0,0
268777989,-33.92480181215814,18.866387749805135,130.13643,156.59503,-0.0,0.9811542,1.6877742,0.0,2,0,0,0
269777992,-33.92480787597572,18.86639012415207,129.95703,156.41159,-0.0,0.9813069,1.6873504,0.0,2,0,0,0
270777992,-33.92480737305688,18.866389989358588,129.70969,156.20032,-0.0,0.98132527,1.687864,0.0,2,0,0,0
271778022,-33.924805410229766,18.866388761701778,128.90627,155.46573,-0.0,0.98135865,1.6874365,0.0,2,0,0,0
272777993,-33.92480428313614,18.86638836020537,128.02296,154.66478,-0.0,0.9816251,1.6871836,0.0,2,0,0,0
273787992,-33.924803255115215,18.86638769611507,127.02801,153.73058,-0.0,0.9823395,1.6880064,0.0,2,0,0,0
274777991,-33.924804203386465,18.86638879139669,125.951454,152.70198,-0.0,0.98232687,1.6873473,0.0,2,0,0,0
275777990,-33.924805106141946,18.866389231927283,125.10596,151.88731,-0.0,0.9827397,1.6879233,0.0,2,0,0,0
276777990,-33.92480703910342,18.86638456119146,124.30899,151.17354,-0.0,0.98307955,1.6874216,124.17321,2,0,1,0
277777989,-33.92481061900018,18.86637630863316,123.75548,150.72003,-0.0,0.98329943,1.6878847,123.836464,2,0,1,0
278777990,-33.92481769556287,18.86636867088523,123.80615,150.8702,-0.0,0.983481,1.6874143,123.636765,2,0,1,0
279777991,-33.92482775808948,18.866361330276735,123.21193,150.3761,-0.0,0.9836336,1.6878974,123.13205,2,0,1,0
280788024,-33.92483391364427,18.86635581014424,122.67162,149.93617,-0.0,0.98391503,1.6876032,122.62922,2,0,1,0
