timestamp,nav_state_timestamp,onboard_control_sensors_present,onboard_control_sensors_enabled,onboard_control_sensors_health,nav_state,arming_state,hil_state,failsafe,system_type,system_id,component_id,vehicle_type,is_vtol,is_vtol_tailsitter,vtol_fw_permanent_stab,in_transition_mode,in_transition_to_fw,rc_signal_lost,rc_input_mode,data_link_lost,data_link_lost_counter,high_latency_data_link_lost,engine_failure,mission_failure,failure_detector_status,latest_arming_reason,latest_disarming_reason
1417375,1413023,917551,2162703,917543,0,1,0,0,2,1,1,1,0,0,0,0,0,1,0,1,0,0,0,0,0,0,0
1946288,1946283,302972975,304152623,302972975,15,1,0,0,2,1,1,1,0,0,0,0,0,0,0,1,0,0,0,0,0,0,0
2518955,1946283,302972975,304152591,302972975,15,1,0,0,2,1,1,1,0,0,0,0,0,0,0,0,0,0,0,0,0,0,0
3538480,1946283,302972975,304152623,302972975,15,1,0,0,2,1,1,1,0,0,0,0,0,0,0,0,0,0,0,0,0,0,0
4549971,1946283,302972975,304152623,302972975,15,1,0,0,2,1,1,1,0,0,0,0,0,0,0,0,0,0,0,0,0,0,0
5560086,1946283,305070127,304152623,305070095,15,1,0,0,2,1,1,1,0,0,0,0,0,0,0,0,0,0,0,0,0,0,0
6580003,1946283,305070127,304152623,305070095,15,1,0,0,2,1,1,1,0,0,0,0,0,0,0,0,0,0,0,0,0,0,0
7600004,1946283,305070127,304152623,305070095,15,1,0,0,2,1,1,1,0,0,0,0,0,0,0,0,0,0,0,0,0,0,0
8620082,1946283,305070127,304152623,305070095,15,1,0,0,2,1,1,1,0,0,0,0,0,0,0,0,0,0,0,0,0,0,0
9640120,1946283,305070127,304152623,305070095,15,1,0,0,2,1,1,1,0,0,0,0,0,0,0,0,0,0,0,0,0,0,0
10766034,10265375,305070127,304152623,305070095,1,1,0,0,2,1,1,1,0,0,0,0,0,0,0,0,0,0,0,0,0,0,0
11777981,10265375,305070127,304152623,305070095,1,1,0,0,2,1,1,1,0,0,0,0,0,0,0,0,0,0,0,0,0,0,0
12789979,10265375,305070127,304152623,305070095,1,1,0,0,2,1,1,1,0,0,0,0,0,0,0,0,0,0,0,0,0,0,0
13792012,10265375,305070127,304152623,305070095,1,1,0,0,2,1,1,1,0,0,0,0,0,0,0,0,0,0,0,0,0,0,0
14796011,10265375,305070127,304152623,305070095,1,1,0,0,2,1,1,1,0,0,0,0,0,0,0,0,0,0,0,0,0,0,0
15720028,15720023,305070127,304152623,305070127,2,1,0,0,2,1,1,1,0,0,0,0,0,0,0,0,0,0,0,0,0,0,0
16729045,15720023,305070127,304152623,305070127,2,1,0,0,2,1,1,1,0,0,0,0,0,0,0,0,0,0,0,0,0,0,0
17748981,15720023,305070127,304152623,305070127,2,1,0,0,2,1,1,1,0,0,0,0,0,0,0,0,0,0,0,0,0,0,0
18768981,15720023,305070127,304152623,305070127,2,1,0,0,2,1,1,1,0,0,0,0,0,0,0,0,0,0,0,0,0,0,0
19780265,15720023,305070127,304152623,305070127,2,1,0,0,2,1,1,1,0,0,0,0,0,0,0,0,0,0,0,0,0,0,0
20791277,15720023,305070127,304152623,305070127,2,1,0,0,2,1,1,1,0,0,0,0,0,0,0,0,0,0,0,0,0,0,0
21793978,15720023,305070127,304152623,305070127,2,1,0,0,2,1,1,1,0,0,0,0,0,0,0,0,0,0,0,0,0,0,0
22810426,15720023,305070127,304152623,305070127,2,1,0,0,2,1,1,1,0,0,0,0,0,0,0,0,0,0,0,0,0,0,0
23814982,15720023,305070127,304152623,305070127,2,1,0,0,2,1,1,1,0,0,0,0,0,0,0,0,0,0,0,0,0,0,0
24825018,15720023,305070127,304152623,305070127,2,1,0,0,2,1,1,1,0,0,0,0,0,0,0,0,0,0,0,0,0,0,0
25846271,15720023,305070127,304152623,305070127,2,1,0,0,2,1,1,1,0,0,0,0,0,0,0,0,0,0,0,0,0,0,0
26866521,15720023,305070127,304152623,305070127,2,1,0,0,2,1,1,1,0,0,0,0,0,0,0,0,0,0,0,0,0,0,0
27877100,15720023,305070127,304152623,305070127,2,1,0,0,2,1,1,1,0,0,0,0,0,0,0,0,0,0,0,0,0,0,0
28888044,15720023,305070127,304152623,305070127,2,1,0,0,2,1,1,1,0,0,0,0,0,0,0,0,0,0,0,0,0,0,0
29897997,15720023,305070127,304152623,305070127,2,1,0,0,2,1,1,1,0,0,0,0,0,0,0,0,0,0,0,0,0,0,0
30908979,15720023,305070127,304152623,305070127,2,1,0,0,2,1,1,1,0,0,0,0,0,0,0,0,0,0,0,0,0,0,0
31922979,15720023,305070127,304152623,305070127,2,1,0,0,2,1,1,1,0,0,0,0,0,0,0,0,0,0,0,0,0,0,0
32928095,15720023,305070127,304152623,305070127,2,1,0,0,2,1,1,1,0,0,0,0,0,0,0,0,0,0,0,0,0,0,0
33940279,15720023,305070127,304152623,305070127,2,1,0,0,2,1,1,1,0,0,0,0,0,0,0,0,0,0,0,0,0,0,0
34961057,15720023,305070127,304152623,305070127,2,1,0,0,2,1,1,1,0,0,0,0,0,0,0,0,0,0,0,0,0,0,0
35875322,15720023,305070127,304152591,305070127,2,2,0,0,2,1,1,1,0,0,0,0,0,0,0,0,0,0,0,0,0,2,0
36888131,15720023,305070127,304152591,305070127,2,2,0,0,2,1,1,1,0,0,0,0,0,0,0,0,0,0,0,0,0,2,0
37900982,15720023,305070127,304152591,305070127,2,2,0,0,2,1,1,1,0,0,0,0,0,0,0,0,0,0,0,0,0,2,0
38915009,15720023,305070127,304152591,305070127,2,2,0,0,2,1,1,1,0,0,0,0,0,0,0,0,0,0,0,0,0,2,0
39929984,15720023,305070127,304152591,305070127,2,2,0,0,2,1,1,1,0,0,0,0,0,0,0,0,0,0,0,0,0,2,0
40952493,15720023,305070127,304152591,305070127,2,2,0,0,2,1,1,1,0,0,0,0,0,0,0,0,0,0,0,0,0,2,0
41967037,15720023,305070127,304152591,305070127,2,2,0,0,2,1,1,1,0,0,0,0,0,0,0,0,0,0,0,0,0,2,0
42980029,15720023,305070127,304152591,305070127,2,2,0,0,2,1,1,1,0,0,0,0,0,0,0,0,0,0,0,0,0,2,0
43995041,15720023,305070127,304152591,305070127,2,2,0,0,2,1,1,1,0,0,0,0,0,0,0,0,0,0,0,0,0,2,0
44503019,15720023,305070127,304152591,305070127,2,2,0,0,2,1,1,1,0,0,0,0,0,0,0,0,0,0,0,0,0,2,0
45518983,15720023,305070127,304152591,305070127,2,2,0,0,2,1,1,1,0,0,0,0,0,0,0,0,0,0,0,0,0,2,0
46535054,15720023,305070127,304152591,305070127,2,2,0,0,2,1,1,1,0,0,0,0,0,0,0,0,0,0,0,0,0,2,0
47555101,15720023,305070127,304152591,305070127,2,2,0,0,2,1,1,1,0,0,0,0,0,0,0,0,0,0,0,0,0,2,0
48566054,15720023,305070127,304152591,305070127,2,2,0,0,2,1,1,1,0,0,0,0,0,0,0,0,0,0,0,0,0,2,0
49589437,15720023,305070127,304152591,305070127,2,2,0,0,2,1,1,1,0,0,0,0,0,0,0,0,0,0,0,0,0,2,0
50599077,15720023,305070127,304152591,305070127,2,2,0,0,2,1,1,1,0,0,0,0,0,0,0,0,0,0,0,0,0,2,0
51613094,15720023,305070127,304152591,305070127,2,2,0,0,2,1,1,1,0,0,0,0,0,0,0,0,0,0,0,0,0,2,0
52629981,15720023,305070127,304152591,305070127,2,2,0,0,2,1,1,1,0,0,0,0,0,0,0,0,0,0,0,0,0,2,0
53642980,15720023,305070127,304152591,305070127,2,2,0,0,2,1,1,1,0,0,0,0,0,0,0,0,0,0,0,0,0,2,0
54652050,15720023,305070127,304152591,305070127,2,2,0,0,2,1,1,1,0,0,0,0,0,0,0,0,0,0,0,0,0,2,0
55665984,15720023,305070127,304152591,305070127,2,2,0,0,2,1,1,1,0,0,0,0,0,0,0,0,0,0,0,0,0,2,0
56681981,15720023,305070127,304152591,305070127,2,2,0,0,2,1,1,1,0,0,0,0,0,0,0,0,0,0,0,0,0,2,0
57697981,15720023,305070127,304152591,305070127,2,2,0,0,2,1,1,1,0,0,0,0,0,0,0,0,0,0,0,0,0,2,0
58705982,15720023,305070127,304152591,305070127,2,2,0,0,2,1,1,1,0,0,0,0,0,0,0,0,0,0,0,0,0,2,0
59718456,15720023,305070127,304152591,305070127,2,2,0,0,2,1,1,1,0,0,0,0,0,0,0,0,0,0,0,0,0,2,0
60730780,15720023,305070127,304152591,305070127,2,2,0,0,2,1,1,1,0,0,0,0,0,0,0,0,0,0,0,0,0,2,0
61743015,15720023,305070127,304152591,305070127,2,2,0,0,2,1,1,1,0,0,0,0,0,0,0,0,0,0,0,0,0,2,0
62757276,15720023,305070127,304152591,305070127,2,2,0,0,2,1,1,1,0,0,0,0,0,0,0,0,0,0,0,0,0,2,0
63772101,15720023,305070127,304152591,305070127,2,2,0,0,2,1,1,1,0,0,0,0,0,0,0,0,0,0,0,0,0,2,0
64785246,15720023,305070127,304152591,305070127,2,2,0,0,2,1,1,1,0,0,0,0,0,0,0,0,0,0,0,0,0,2,0
65922042,15720023,305070127,304152591,305070127,2,2,0,0,2,1,1,1,0,0,0,0,0,0,0,1,1,0,0,0,0,2,0
66941980,15720023,305070127,304152591,305070127,2,2,0,0,2,1,1,1,0,0,0,0,0,0,0,1,1,0,0,0,0,2,0
67959100,15720023,305070127,304152591,305070127,2,2,0,0,2,1,1,1,0,0,0,0,0,0,0,1,1,0,0,0,0,2,0
68974260,15720023,305070127,304152591,305070127,2,2,0,0,2,1,1,1,0,0,0,0,0,0,0,1,1,0,0,0,0,2,0
69985980,15720023,305070127,304152591,305070127,2,2,0,0,2,1,1,1,0,0,0,0,0,0,0,1,1,0,0,0,0,2,0
70999019,15720023,305070127,304152591,305070127,2,2,0,0,2,1,1,1,0,0,0,0,0,0,0,1,1,0,0,0,0,2,0
71507003,15720023,305070127,304152591,305070127,2,2,0,0,2,1,1,1,0,0,0,0,0,0,0,1,1,0,0,0,0,2,0
72519021,15720023,305070127,304152591,305070127,2,2,0,0,2,1,1,1,0,0,0,0,0,0,0,1,1,0,0,0,0,2,0
73533063,15720023,305070127,304152591,305070127,2,2,0,0,2,1,1,1,0,0,0,0,0,0,0,1,1,0,0,0,0,2,0
74546986,15720023,305070127,304152591,305070127,2,2,0,0,2,1,1,1,0,0,0,0,0,0,0,1,1,0,0,0,0,2,0
75564982,15720023,305070127,304152591,305070127,2,2,0,0,2,1,1,1,0,0,0,0,0,0,0,1,1,0,0,0,0,2,0
76582980,15720023,305070127,304152591,305070127,2,2,0,0,2,1,1,1,0,0,0,0,0,0,0,1,1,0,0,0,0,2,0
77596020,15720023,305070127,304152591,305070127,2,2,0,0,2,1,1,1,0,0,0,0,0,0,0,1,1,0,0,0,0,2,0
78611130,15720023,305070127,304152591,305070127,2,2,0,0,2,1,1,1,0,0,0,0,0,0,0,1,1,0,0,0,0,2,0
79624152,15720023,305070127,304152591,305070127,2,2,0,0,2,1,1,1,0,0,0,0,0,0,0,1,1,0,0,0,0,2,0
80636128,15720023,305070127,304152591,305070127,2,2,0,0,2,1,1,1,0,0,0,0,0,0,0,1,1,0,0,0,0,2,0
81649980,15720023,305070127,304152591,305070127,2,2,0,0,2,1,1,1,0,0,0,0,0,0,0,1,1,0,0,0,0,2,0
82665980,15720023,305070127,304152591,305070127,2,2,0,0,2,1,1,1,0,0,0,0,0,0,0,1,1,0,0,0,0,2,0
83679118,15720023,305070127,304152591,305070127,2,2,0,0,2,1,1,1,0,0,0,0,0,0,0,1,1,0,0,0,0,2,0
84694982,15720023,305070127,304152591,305070127,2,2,0,0,2,1,1,1,0,0,0,0,0,0,0,1,1,0,0,0,0,2,0
85714982,15720023,305070127,304152591,305070127,2,2,0,0,2,1,1,1,0,0,0,0,0,0,0,1,1,0,0,0,0,2,0
86735043,15720023,305070127,304152591,305070127,2,2,0,0,2,1,1,1,0,0,0,0,0,0,0,1,1,0,0,0,0,2,0
87746290,15720023,305070127,304152591,305070127,2,2,0,0,2,1,1,1,0,0,0,0,0,0,0,1,1,0,0,0,0,2,0
88760044,15720023,305070127,304152591,305070127,2,2,0,0,2,1,1,1,0,0,0,0,0,0,0,1,1,0,0,0,0,2,0
89772011,15720023,305070127,304152591,305070127,2,2,0,0,2,1,1,1,0,0,0,0,0,0,0,1,1,0,0,0,0,2,0
90784012,15720023,305070127,304152591,305070127,2,2,0,0,2,1,1,1,0,0,0,0,0,0,0,1,1,0,0,0,0,2,0
91796045,15720023,305070127,304152591,305070127,2,2,0,0,2,1,1,1,0,0,0,0,0,0,0,1,1,0,0,0,0,2,0
92810157,15720023,305070127,304152591,305070127,2,2,0,0,2,1,1,1,0,0,0,0,0,0,0,1,1,0,0,0,0,2,0
93823750,15720023,305070127,304152591,305070127,2,2,0,0,2,1,1,1,0,0,0,0,0,0,0,1,1,0,0,0,0,2,0
94838335,15720023,305070127,304152591,305070127,2,2,0,0,2,1,1,1,0,0,0,0,0,0,0,1,1,0,0,0,0,2,0
95856984,15720023,305070127,304152591,305070127,2,2,0,0,2,1,1,1,0,0,0,0,0,0,0,1,1,0,0,0,0,2,0
96859008,15720023,305070127,304152591,305070127,2,2,0,0,2,1,1,1,0,0,0,0,0,0,0,1,1,0,0,0,0,2,0
97868649,15720023,305070127,304152591,305070127,2,2,0,0,2,1,1,1,0,0,0,0,0,0,0,1,1,0,0,0,0,2,0
98880077,15720023,305070127,304152591,305070127,2,2,0,0,2,1,1,1,0,0,0,0,0,0,0,1,1,0,0,0,0,2,0
99892998,15720023,305070127,304152591,305070127,2,2,0,0,2,1,1,1,0,0,0,0,0,0,0,1,1,0,0,0,0,2,0
100905013,15720023,305070127,304152591,305070127,2,2,0,0,2,1,1,1,0,0,0,0,0,0,0,1,1,0,0,0,0,2,0
101917198,15720023,305070127,304152591,305070127,2,2,0,0,2,1,1,1,0,0,0,0,0,0,0,1,1,0,0,0,0,2,0
102928980,15720023,305070127,304152591,305070127,2,2,0,0,2,1,1,1,0,0,0,0,0,0,0,1,1,0,0,0,0,2,0
103941179,15720023,305070127,304152591,305070127,2,2,0,0,2,1,1,1,0,0,0,0,0,0,0,1,1,0,0,0,0,2,0
104954919,15720023,305070127,304152591,305070127,2,2,0,0,2,1,1,1,0,0,0,0,0,0,0,1,1,0,0,0,0,2,0
105969046,15720023,305070127,304152591,305070127,2,2,0,0,2,1,1,1,0,0,0,0,0,0,0,1,1,0,0,0,0,2,0
106982979,15720023,305070127,304152591,305070127,2,2,0,0,2,1,1,1,0,0,0,0,0,0,0,1,1,0,0,0,0,2,0
107996981,15720023,305070127,304152591,305070127,2,2,0,0,2,1,1,1,0,0,0,0,0,0,0,1,1,0,0,0,0,2,0
108504697,15720023,305070127,304152591,305070127,2,2,0,0,2,1,1,1,0,0,0,0,0,0,0,1,1,0,0,0,0,2,0
109518094,15720023,305070127,304152591,305070127,2,2,0,0,2,1,1,1,0,0,0,0,0,0,0,1,1,0,0,0,0,2,0
110532072,15720023,305070127,304152591,305070127,2,2,0,0,2,1,1,1,0,0,0,0,0,0,0,1,1,0,0,0,0,2,0
111549449,15720023,305070127,304152591,305070127,2,2,0,0,2,1,1,1,0,0,0,0,0,0,0,1,1,0,0,0,0,2,0
112561017,15720023,305070127,304152591,305070127,2,2,0,0,2,1,1,1,0,0,0,0,0,0,0,1,1,0,0,0,0,2,0
113573124,15720023,305070127,304152591,305070127,2,2,0,0,2,1,1,1,0,0,0,0,0,0,0,1,1,0,0,0,0,2,0
114584982,15720023,305070127,304152591,305070127,2,2,0,0,2,1,1,1,0,0,0,0,0,0,0,1,1,0,0,0,0,2,0
115603095,15720023,305070127,304152591,305070127,2,2,0,0,2,1,1,1,0,0,0,0,0,0,0,1,1,0,0,0,0,2,0
116618274,15720023,305070127,304152591,305070127,2,2,0,0,2,1,1,1,0,0,0,0,0,0,0,1,1,0,0,0,0,2,0
117630979,15720023,305070127,304152591,305070127,2,2,0,0,2,1,1,1,0,0,0,0,0,0,0,1,1,0,0,0,0,2,0
118645406,15720023,305070127,304152591,305070127,2,2,0,0,2,1,1,1,0,0,0,0,0,0,0,1,1,0,0,0,0,2,0
119657987,15720023,305070127,304152591,305070127,2,2,0,0,2,1,1,1,0,0,0,0,0,0,0,1,1,0,0,0,0,2,0
120670071,15720023,305070127,304152591,305070127,2,2,0,0,2,1,1,1,0,0,0,0,0,0,0,1,1,0,0,0,0,2,0
121685533,15720023,305070127,304152591,305070127,2,2,0,0,2,1,1,1,0,0,0,0,0,0,0,1,1,0,0,0,0,2,0
122697979,15720023,305070127,304152591,305070127,2,2,0,0,2,1,1,1,0,0,0,0,0,0,0,1,1,0,0,0,0,2,0
123712313,15720023,305070127,304152591,305070127,2,2,0,0,2,1,1,1,0,0,0,0,0,0,0,1,1,0,0,0,0,2,0
124726581,15720023,305070127,304152591,305070127,2,2,0,0,2,1,1,1,0,0,0,0,0,0,0,1,1,0,0,0,0,2,0
125738981,15720023,305070127,304152591,305070127,2,2,0,0,2,1,1,1,0,0,0,0,0,0,0,1,1,0,0,0,0,2,0
126755507,15720023,305070127,304152591,305070127,2,2,0,0,2,1,1,1,0,0,0,0,0,0,0,1,1,0,0,0,0,2,0
127770173,15720023,305070127,304152591,305070127,2,2,0,0,2,1,1,1,0,0,0,0,0,0,0,1,1,0,0,0,0,2,0
128785661,15720023,305070127,304152591,305070127,2,2,0,0,2,1,1,1,0,0,0,0,0,0,0,1,1,0,0,0,0,2,0
129800986,15720023,305070127,304152591,305070127,2,2,0,0,2,1,1,1,0,0,0,0,0,0,0,1,1,0,0,0,0,2,0
130814026,15720023,305070127,304152591,305070127,2,2,0,0,2,1,1,1,0,0,0,0,0,0,0,1,1,0,0,0,0,2,0
131830427,15720023,305070127,304152591,305070127,2,2,0,0,2,1,1,1,0,0,0,0,0,0,0,1,1,0,0,0,0,2,0
132850376,15720023,305070127,304152591,305070127,2,2,0,0,2,1,1,1,0,0,0,0,0,0,0,1,1,0,0,0,0,2,0
133860642,15720023,305070127,304152591,305070127,2,2,0,0,2,1,1,1,0,0,0,0,0,0,0,1,1,0,0,0,0,2,0
134879008,15720023,305070127,304152591,305070127,2,2,0,0,2,1,1,1,0,0,0,0,0,0,0,1,1,0,0,0,0,2,0
135891046,15720023,305070127,304152591,305070127,2,2,0,0,2,1,1,1,0,0,0,0,0,0,0,1,1,0,0,0,0,2,0
136902981,15720023,305070127,304152591,305070127,2,2,0,0,2,1,1,1,0,0,0,0,0,0,0,1,1,0,0,0,0,2,0
137916261,15720023,305070127,304152591,305070127,2,2,0,0,2,1,1,1,0,0,0,0,0,0,0,1,1,0,0,0,0,2,0
138929282,15720023,305070127,304152591,305070127,2,2,0,0,2,1,1,1,0,0,0,0,0,0,0,1,1,0,0,0,0,2,0
139941030,15720023,305070127,304152591,305070127,2,2,0,0,2,1,1,1,0,0,0,0,0,0,0,1,1,0,0,0,0,2,0
140953984,15720023,305070127,304152591,305070127,2,2,0,0,2,1,1,1,0,0,0,0,0,0,0,1,1,0,0,0,0,2,0
141966981,15720023,305070127,304152591,305070127,2,2,0,0,2,1,1,1,0,0,0,0,0,0,0,1,1,0,0,0,0,2,0
142980063,15720023,305070127,304152591,305070127,2,2,0,0,2,1,1,1,0,0,0,0,0,0,0,1,1,0,0,0,0,2,0
143994016,15720023,305070127,304152591,305070127,2,2,0,0,2,1,1,1,0,0,0,0,0,0,0,1,1,0,0,0,0,2,0
144500980,15720023,305070127,304152591,305070127,2,2,0,0,2,1,1,1,0,0,0,0,0,0,0,1,1,0,0,0,0,2,0
145514980,15720023,305070127,304152591,305070127,2,2,0,0,2,1,1,1,0,0,0,0,0,0,0,1,1,0,0,0,0,2,0
146530981,15720023,305070127,304152591,305070127,2,2,0,0,2,1,1,1,0,0,0,0,0,0,0,1,1,0,0,0,0,2,0
147542980,15720023,305070127,304152591,305070127,2,2,0,0,2,1,1,1,0,0,0,0,0,0,0,1,1,0,0,0,0,2,0
148557111,15720023,305070127,304152591,305070127,2,2,0,0,2,1,1,1,0,0,0,0,0,0,0,1,1,0,0,0,0,2,0
149571219,15720023,305070127,304152591,305070127,2,2,0,0,2,1,1,1,0,0,0,0,0,0,0,1,1,0,0,0,0,2,0
150584013,15720023,305070127,304152591,305070127,2,2,0,0,2,1,1,1,0,0,0,0,0,0,0,1,1,0,0,0,0,2,0
151600125,15720023,305070127,304152591,305070127,2,2,0,0,2,1,1,1,0,0,0,0,0,0,0,1,1,0,0,0,0,2,0
152614980,15720023,305070127,304152591,305070127,2,2,0,0,2,1,1,1,0,0,0,0,0,0,0,1,1,0,0,0,0,2,0
153629980,15720023,305070127,304152591,305070127,2,2,0,0,2,1,1,1,0,0,0,0,0,0,0,1,1,0,0,0,0,2,0
154646803,15720023,305070127,304152591,305070127,2,2,0,0,2,1,1,1,0,0,0,0,0,0,0,1,1,0,0,0,0,2,0
155664983,15720023,305070127,304152591,305070127,2,2,0,0,2,1,1,1,0,0,0,0,0,0,0,1,1,0,0,0,0,2,0
156682018,15720023,305070127,304152591,305070127,2,2,0,0,2,1,1,1,0,0,0,0,0,0,0,1,1,0,0,0,0,2,0
157702064,15720023,305070127,304152591,305070127,2,2,0,0,2,1,1,1,0,0,0,0,0,0,0,1,1,0,0,0,0,2,0
158720037,15720023,305070127,304152591,305070127,2,2,0,0,2,1,1,1,0,0,0,0,0,0,0,1,1,0,0,0,0,2,0
159740129,15720023,305070127,304152591,305070127,2,2,0,0,2,1,1,1,0,0,0,0,0,0,0,1,1,0,0,0,0,2,0
160757144,15720023,305070127,304152591,305070127,2,2,0,0,2,1,1,1,0,0,0,0,0,0,0,1,1,0,0,0,0,2,0
161770109,15720023,305070127,304152591,305070127,2,2,0,0,2,1,1,1,0,0,0,0,0,0,0,1,1,0,0,0,0,2,0
162782982,15720023,305070127,304152591,305070127,2,2,0,0,2,1,1,1,0,0,0,0,0,0,0,1,1,0,0,0,0,2,0
163796042,15720023,305070127,304152591,305070127,2,2,0,0,2,1,1,1,0,0,0,0,0,0,0,1,1,0,0,0,0,2,0
164808015,15720023,305070127,304152591,305070127,2,2,0,0,2,1,1,1,0,0,0,0,0,0,0,1,1,0,0,0,0,2,0
165822042,15720023,305070127,304152591,305070127,2,2,0,0,2,1,1,1,0,0,0,0,0,0,0,1,1,0,0,0,0,2,0
166834099,15720023,305070127,304152591,305070127,2,2,0,0,2,1,1,1,0,0,0,0,0,0,0,1,1,0,0,0,0,2,0
167847879,15720023,305070127,304152591,305070127,2,2,0,0,2,1,1,1,0,0,0,0,0,0,0,1,1,0,0,0,0,2,0
168860101,15720023,305070127,304152591,305070127,2,2,0,0,2,1,1,1,0,0,0,0,0,0,0,1,1,0,0,0,0,2,0
169872128,15720023,305070127,304152591,305070127,2,2,0,0,2,1,1,1,0,0,0,0,0,0,0,1,1,0,0,0,0,2,0
170885008,15720023,305070127,304152591,305070127,2,2,0,0,2,1,1,1,0,0,0,0,0,0,0,1,1,0,0,0,0,2,0
171899146,15720023,305070127,304152591,305070127,2,2,0,0,2,1,1,1,0,0,0,0,0,0,0,1,1,0,0,0,0,2,0
172913981,15720023,305070127,304152591,305070127,2,2,0,0,2,1,1,1,0,0,0,0,0,0,0,1,1,0,0,0,0,2,0
173928491,15720023,305070127,304152591,305070127,2,2,0,0,2,1,1,1,0,0,0,0,0,0,0,1,1,0,0,0,0,2,0
174941040,15720023,305070127,304152591,305070127,2,2,0,0,2,1,1,1,0,0,0,0,0,0,0,1,1,0,0,0,0,2,0
175954979,15720023,305070127,304152591,305070127,2,2,0,0,2,1,1,1,0,0,0,0,0,0,0,1,1,0,0,0,0,2,0
176968323,15720023,305070127,304152591,305070127,2,2,0,0,2,1,1,1,0,0,0,0,0,0,0,1,1,0,0,0,0,2,0
177980982,15720023,305070127,304152591,305070127,2,2,0,0,2,1,1,1,0,0,0,0,0,0,0,1,1,0,0,0,0,2,0
178996044,15720023,305070127,304152591,305070127,2,2,0,0,2,1,1,1,0,0,0,0,0,0,0,1,1,0,0,0,0,2,0
179502175,15720023,305070127,304152591,305070127,2,2,0,0,2,1,1,1,0,0,0,0,0,0,0,1,1,0,0,0,0,2,0
180514979,15720023,305070127,304152591,305070127,2,2,0,0,2,1,1,1,0,0,0,0,0,0,0,1,1,0,0,0,0,2,0
181529984,15720023,305070127,304152591,305070127,2,2,0,0,2,1,1,1,0,0,0,0,0,0,0,1,1,0,0,0,0,2,0
182543220,15720023,305070127,304152591,305070127,2,2,0,0,2,1,1,1,0,0,0,0,0,0,0,1,1,0,0,0,0,2,0
183559026,15720023,305070127,304152591,305070127,2,2,0,0,2,1,1,1,0,0,0,0,0,0,0,1,1,0,0,0,0,2,0
184925982,15720023,305070127,304152591,305070127,2,2,0,0,2,1,1,1,0,0,0,0,0,0,0,0,1,0,0,0,0,2,0
185935014,15720023,305070127,304152591,305070127,2,2,0,0,2,1,1,1,0,0,0,0,0,0,0,0,1,0,0,0,0,2,0
186942426,15720023,305070127,304152591,305070127,2,2,0,0,2,1,1,1,0,0,0,0,0,0,0,0,1,0,0,0,0,2,0
187950017,15720023,305070127,304152591,305070127,2,2,0,0,2,1,1,1,0,0,0,0,0,0,0,0,1,0,0,0,0,2,0
188958960,15720023,305070127,304152591,305070127,2,2,0,0,2,1,1,1,0,0,0,0,0,0,0,0,1,0,0,0,0,2,0
189965981,15720023,305070127,304152591,305070127,2,2,0,0,2,1,1,1,0,0,0,0,0,0,0,0,1,0,0,0,0,2,0
190984980,15720023,305070127,304152591,305070127,2,2,0,0,2,1,1,1,0,0,0,0,0,0,0,0,1,0,0,0,0,2,0
191995014,15720023,305070127,304152591,305070127,2,2,0,0,2,1,1,1,0,0,0,0,0,0,0,0,1,0,0,0,0,2,0
192504980,15720023,305070127,304152591,305070127,2,2,0,0,2,1,1,1,0,0,0,0,0,0,0,0,1,0,0,0,0,2,0
193514981,15720023,305070127,304152591,305070127,2,2,0,0,2,1,1,1,0,0,0,0,0,0,0,0,1,0,0,0,0,2,0
194921069,15720023,305070127,304152591,305070127,2,2,0,0,2,1,1,1,0,0,0,0,0,0,0,1,2,0,0,0,0,2,0
195936193,15720023,305070127,304152591,305070127,2,2,0,0,2,1,1,1,0,0,0,0,0,0,0,1,2,0,0,0,0,2,0
196948981,15720023,305070127,304152591,305070127,2,2,0,0,2,1,1,1,0,0,0,0,0,0,0,1,2,0,0,0,0,2,0
197961168,15720023,305070127,304152591,305070127,2,2,0,0,2,1,1,1,0,0,0,0,0,0,0,1,2,0,0,0,0,2,0
198973979,15720023,305070127,304152591,305070127,2,2,0,0,2,1,1,1,0,0,0,0,0,0,0,1,2,0,0,0,0,2,0
199987013,15720023,305070127,304152591,305070127,2,2,0,0,2,1,1,1,0,0,0,0,0,0,0,1,2,0,0,0,0,2,0
201000061,15720023,305070127,304152591,305070127,2,2,0,0,2,1,1,1,0,0,0,0,0,0,0,1,2,0,0,0,0,2,0
201506159,15720023,305070127,304152591,305070127,2,2,0,0,2,1,1,1,0,0,0,0,0,0,0,1,2,0,0,0,0,2,0
202508793,15720023,305070127,304152591,305070127,2,2,0,0,2,1,1,1,0,0,0,0,0,0,0,0,2,0,0,0,0,2,0
203524013,15720023,305070127,304152591,305070127,2,2,0,0,2,1,1,1,0,0,0,0,0,0,0,0,2,0,0,0,0,2,0
204541343,15720023,305070127,304152591,305070127,2,2,0,0,2,1,1,1,0,0,0,0,0,0,0,0,2,0,0,0,0,2,0
205562019,15720023,305070127,304152591,305070127,2,2,0,0,2,1,1,1,0,0,0,0,0,0,0,0,2,0,0,0,0,2,0
206579315,15720023,305070127,304152591,305070127,2,2,0,0,2,1,1,1,0,0,0,0,0,0,0,0,2,0,0,0,0,2,0
207593016,15720023,305070127,304152591,305070127,2,2,0,0,2,1,1,1,0,0,0,0,0,0,0,0,2,0,0,0,0,2,0
208606255,15720023,305070127,304152591,305070127,2,2,0,0,2,1,1,1,0,0,0,0,0,0,0,0,2,0,0,0,0,2,0
209620021,15720023,305070127,304152591,305070127,2,2,0,0,2,1,1,1,0,0,0,0,0,0,0,0,2,0,0,0,0,2,0
210632980,15720023,305070127,304152591,305070127,2,2,0,0,2,1,1,1,0,0,0,0,0,0,0,0,2,0,0,0,0,2,0
211645994,15720023,305070127,304152591,305070127,2,2,0,0,2,1,1,1,0,0,0,0,0,0,0,0,2,0,0,0,0,2,0
212661014,15720023,305070127,304152591,305070127,2,2,0,0,2,1,1,1,0,0,0,0,0,0,0,0,2,0,0,0,0,2,0
213676315,15720023,305070127,304152591,305070127,2,2,0,0,2,1,1,1,0,0,0,0,0,0,0,0,2,0,0,0,0,2,0
214692013,15720023,305070127,304152591,305070127,2,2,0,0,2,1,1,1,0,0,0,0,0,0,0,0,2,0,0,0,0,2,0
215705138,15720023,305070127,304152591,305070127,2,2,0,0,2,1,1,1,0,0,0,0,0,0,0,0,2,0,0,0,0,2,0
216724011,15720023,305070127,304152591,305070127,2,2,0,0,2,1,1,1,0,0,0,0,0,0,0,0,2,0,0,0,0,2,0
217992980,15720023,305070127,304152591,305070127,2,2,0,0,2,1,1,1,0,0,0,0,0,0,0,1,3,0,0,0,0,2,0
218969092,15720023,305070127,304152591,305070127,2,2,0,0,2,1,1,1,0,0,0,0,0,0,0,0,3,0,0,0,0,2,0
219989019,15720023,305070127,304152591,305070127,2,2,0,0,2,1,1,1,0,0,0,0,0,0,0,0,3,0,0,0,0,2,0
220497067,15720023,305070127,304152591,305070127,2,2,0,0,2,1,1,1,0,0,0,0,0,0,0,0,3,0,0,0,0,2,0
221514981,15720023,305070127,304152591,305070127,2,2,0,0,2,1,1,1,0,0,0,0,0,0,0,0,3,0,0,0,0,2,0
222524191,15720023,305070127,304152591,305070127,2,2,0,0,2,1,1,1,0,0,0,0,0,0,0,0,3,0,0,0,0,2,0
223540286,15720023,305070127,304152591,305070127,2,2,0,0,2,1,1,1,0,0,0,0,0,0,0,0,3,0,0,0,0,2,0
224559182,15720023,305070127,304152591,305070127,2,2,0,0,2,1,1,1,0,0,0,0,0,0,0,0,3,0,0,0,0,2,0
225574259,15720023,305070127,304152591,305070127,2,2,0,0,2,1,1,1,0,0,0,0,0,0,0,0,3,0,0,0,0,2,0
226592020,15720023,305070127,304152591,305070127,2,2,0,0,2,1,1,1,0,0,0,0,0,0,0,0,3,0,0,0,0,2,0
227606983,15720023,305070127,304152591,305070127,2,2,0,0,2,1,1,1,0,0,0,0,0,0,0,0,3,0,0,0,0,2,0
228616980,15720023,305070127,304152591,305070127,2,2,0,0,2,1,1,1,0,0,0,0,0,0,0,0,3,0,0,0,0,2,0
229527094,15720023,305070127,304152591,305070127,2,2,0,0,2,1,1,1,0,0,0,0,0,0,0,1,4,0,0,0,0,2,0
230545023,15720023,305070127,304152591,305070127,2,2,0,0,2,1,1,1,0,0,0,0,0,0,0,1,4,0,0,0,0,2,0
231564159,15720023,305070127,304152591,305070127,2,2,0,0,2,1,1,1,0,0,0,0,0,0,0,1,4,0,0,0,0,2,0
232573362,15720023,305070127,304152591,305070127,2,2,0,0,2,1,1,1,0,0,0,0,0,0,0,1,4,0,0,0,0,2,0
233584320,15720023,305070127,304152591,305070127,2,2,0,0,2,1,1,1,0,0,0,0,0,0,0,1,4,0,0,0,0,2,0
234596064,15720023,305070127,304152591,305070127,2,2,0,0,2,1,1,1,0,0,0,0,0,0,0,1,4,0,0,0,0,2,0
235617022,15720023,305070127,304152591,305070127,2,2,0,0,2,1,1,1,0,0,0,0,0,0,0,1,4,0,0,0,0,2,0
236629013,15720023,305070127,304152591,305070127,2,2,0,0,2,1,1,1,0,0,0,0,0,0,0,1,4,0,0,0,0,2,0
237640045,15720023,305070127,304152591,305070127,2,2,0,0,2,1,1,1,0,0,0,0,0,0,0,1,4,0,0,0,0,2,0
238652011,15720023,305070127,304152591,305070127,2,2,0,0,2,1,1,1,0,0,0,0,0,0,0,1,4,0,0,0,0,2,0
239673337,15720023,305070127,304152591,305070127,2,2,0,0,2,1,1,1,0,0,0,0,0,0,0,1,4,0,0,0,0,2,0
240684063,15720023,305070127,304152591,305070127,2,2,0,0,2,1,1,1,0,0,0,0,0,0,0,1,4,0,0,0,0,2,0
241987016,15720023,305070127,304152591,305070127,2,2,0,0,2,1,1,1,0,0,0,0,0,0,0,0,4,0,0,0,0,2,0
242998863,15720023,305070127,304152591,305070127,2,2,0,0,2,1,1,1,0,0,0,0,0,0,0,0,4,0,0,0,0,2,0
243500982,15720023,305070127,304152591,305070127,2,2,0,0,2,1,1,1,0,0,0,0,0,0,0,0,4,0,0,0,0,2,0
244513422,15720023,305070127,304152591,305070127,2,2,0,0,2,1,1,1,0,0,0,0,0,0,0,0,4,0,0,0,0,2,0
245524982,15720023,305070127,304152591,305070127,2,2,0,0,2,1,1,1,0,0,0,0,0,0,0,0,4,0,0,0,0,2,0
246537133,15720023,305070127,304152591,305070127,2,2,0,0,2,1,1,1,0,0,0,0,0,0,0,0,4,0,0,0,0,2,0
247560021,15720023,305070127,304152591,305070127,2,2,0,0,2,1,1,1,0,0,0,0,0,0,0,0,4,0,0,0,0,2,0
248570982,15720023,305070127,304152591,305070127,2,2,0,0,2,1,1,1,0,0,0,0,0,0,0,0,4,0,0,0,0,2,0
249586134,15720023,305070127,304152591,305070127,2,2,0,0,2,1,1,1,0,0,0,0,0,0,0,0,4,0,0,0,0,2,0
250599226,15720023,305070127,304152591,305070127,2,2,0,0,2,1,1,1,0,0,0,0,0,0,0,0,4,0,0,0,0,2,0
251979066,15720023,305070127,304152591,305070127,2,2,0,0,2,1,1,1,0,0,0,0,0,0,0,1,5,0,0,0,0,2,0
252992093,15720023,305070127,304152591,305070127,2,2,0,0,2,1,1,1,0,0,0,0,0,0,0,1,5,0,0,0,0,2,0
253498003,15720023,305070127,304152591,305070127,2,2,0,0,2,1,1,1,0,0,0,0,0,0,0,1,5,0,0,0,0,2,0
254511048,15720023,305070127,304152591,305070127,2,2,0,0,2,1,1,1,0,0,0,0,0,0,0,1,5,0,0,0,0,2,0
255524018,15720023,305070127,304152591,305070127,2,2,0,0,2,1,1,1,0,0,0,0,0,0,0,1,5,0,0,0,0,2,0
256537239,15720023,305070127,304152591,305070127,2,2,0,0,2,1,1,1,0,0,0,0,0,0,0,1,5,0,0,0,0,2,0
257553994,15720023,305070127,304152591,305070127,2,2,0,0,2,1,1,1,0,0,0,0,0,0,0,1,5,0,0,0,0,2,0
258570982,15720023,305070127,304152591,305070127,2,2,0,0,2,1,1,1,0,0,0,0,0,0,0,1,5,0,0,0,0,2,0
259584981,15720023,305070127,304152591,305070127,2,2,0,0,2,1,1,1,0,0,0,0,0,0,0,1,5,0,0,0,0,2,0
260933015,15720023,305070127,304152591,305070127,2,2,0,0,2,1,1,1,0,0,0,0,0,0,0,0,5,0,0,0,0,2,0
261946019,15720023,305070127,304152591,305070127,2,2,0,0,2,1,1,1,0,0,0,0,0,0,0,0,5,0,0,0,0,2,0
262959092,15720023,305070127,304152591,305070127,2,2,0,0,2,1,1,1,0,0,0,0,0,0,0,0,5,0,0,0,0,2,0
263970982,15720023,305070127,304152591,305070127,2,2,0,0,2,1,1,1,0,0,0,0,0,0,0,0,5,0,0,0,0,2,0
264983015,15720023,305070127,304152591,305070127,2,2,0,0,2,1,1,1,0,0,0,0,0,0,0,0,5,0,0,0,0,2,0
265996012,15720023,305070127,304152591,305070127,2,2,0,0,2,1,1,1,0,0,0,0,0,0,0,0,5,0,0,0,0,2,0
266502247,15720023,305070127,304152591,305070127,2,2,0,0,2,1,1,1,0,0,0,0,0,0,0,0,5,0,0,0,0,2,0
267515071,15720023,305070127,304152591,305070127,2,2,0,0,2,1,1,1,0,0,0,0,0,0,0,0,5,0,0,0,0,2,0
268528104,15720023,305070127,304152591,305070127,2,2,0,0,2,1,1,1,0,0,0,0,0,0,0,0,5,0,0,0,0,2,0
269540981,15720023,305070127,304152591,305070127,2,2,0,0,2,1,1,1,0,0,0,0,0,0,0,0,5,0,0,0,0,2,0
270553985,15720023,305070127,304152591,305070127,2,2,0,0,2,1,1,1,0,0,0,0,0,0,0,0,5,0,0,0,0,2,0
271572261,15720023,305070127,304152591,305070127,2,2,0,0,2,1,1,1,0,0,0,0,0,0,0,0,5,0,0,0,0,2,0
272584989,15720023,305070127,304152591,305070127,2,2,0,0,2,1,1,1,0,0,0,0,0,0,0,0,5,0,0,0,0,2,0
273597980,15720023,305070127,304152591,305070127,2,2,0,0,2,1,1,1,0,0,0,0,0,0,0,0,5,0,0,0,0,2,0
274996271,15720023,305070127,304152591,305070127,2,2,0,0,2,1,1,1,0,0,0,0,0,0,0,0,5,0,0,0,0,2,0
275504014,15720023,305070127,304152591,305070127,2,2,0,0,2,1,1,1,0,0,0,0,0,0,0,0,5,0,0,0,0,2,0
276524070,15720023,305070127,304152591,305070127,2,2,0,0,2,1,1,1,0,0,0,0,0,0,0,0,5,0,0,0,0,2,0
277537272,15720023,305070127,304152591,305070127,2,2,0,0,2,1,1,1,0,0,0,0,0,0,0,0,5,0,0,0,0,2,0
278549981,15720023,305070127,304152591,305070127,2,2,0,0,2,1,1,1,0,0,0,0,0,0,0,0,5,0,0,0,0,2,0
279568044,15720023,305070127,304152591,305070127,2,2,0,0,2,1,1,1,0,0,0,0,0,0,0,0,5,0,0,0,0,2,0
280510045,15720023,305070127,304152623,36634671,2,1,0,0,2,1,1,1,0,0,0,0,0,0,0,0,5,0,0,0,0,2,9
