pr1,pi1,pr2,pi2,pr3,pi3,pr4,pi4,pr5,pi5,pr6,pi6,pr7,pi7,pr8,pi8,pr9,pi9,pr10,pi10,pr11,pi11,pr12,pi12,pr13,pi13,clr1,cli1,clr2,cli2,clr3,cli3,clr4,cli4,clr5,cli5,clr6,cli6,clr7,cli7,clr8,cli8,clr9,cli9,clr10,cli10,clr11,cli11,clr12,cli12,clr13,cli13
0,0,0,0,-169.1194736,0,-161.6665057,0,-66.66667608,0,-66.66665725,0,-22.33976312,0,-15.1021257,5.686947345,-15.1021257,-5.686947345,-4.662936703e-15,3.323012498,-4.662936703e-15,-3.323012498,-4.01084873,0,-3.599328337,0,-169.1194736,0,-159.8297357,0,-66.66666877,0,-66.66666456,0,-22.33976312,0,-15.51272609,7.753742474,-15.51272609,-7.753742474,-0.05727533725,3.292762153,-0.05727533725,-3.292762153,-4.01084873,0,-3.590788868,0,-0.4547790319,0.5210605747,-0.4547790319,-0.5210605747
-9.322460409e-05,0.009905678789,-9.322460409e-05,-0.009905678789,-169.1194736,0,-161.6661725,0,-66.66667387,0,-66.66665947,0,-22.33976312,0,-15.10218671,5.687368191,-15.10218671,-5.687368191,-1.312148326e-05,3.323010389,-1.312148326e-05,-3.323010389,-4.01084873,0,-3.599326885,0,-169.1194736,0,-159.8297357,0,-66.66666877,0,-66.66666456,0,-22.33976312,0,-15.51272609,7.753742474,-15.51272609,-7.753742474,-0.05727533725,3.292762153,-0.05727533725,-3.292762153,-4.01084873,0,-3.590788868,0,-0.4547790319,0.5210605747,-0.4547790319,-0.5210605747
-0.0001424949238,0.01224640167,-0.0001424949238,-0.01224640167,-169.1194736,0,-161.6659963,0,-66.6666729,0,-66.66666043,0,-22.33976312,0,-15.10221896,5.687590613,-15.10221896,-5.687590613,-2.005633605e-05,3.323009275,-2.005633605e-05,-3.323009275,-4.01084873,0,-3.599326118,0,-169.1194736,0,-159.8297357,0,-66.66666877,0,-66.66666456,0,-22.33976312,0,-15.51272609,7.753742474,-15.51272609,-7.753742474,-0.05727533725,3.292762153,-0.05727533725,-3.292762153,-4.01084873,0,-3.590788868,0,-0.4547790319,0.5210605747,-0.4547790319,-0.5210605747
-0.0002178038755,0.01514000673,-0.0002178038755,-0.01514000673,-169.1194736,0,-161.6657271,0,-66.66667188,0,-66.66666145,0,-22.33976312,0,-15.10226825,5.687930579,-15.10226825,-5.687930579,-3.065614427e-05,3.323007569,-3.065614427e-05,-3.323007569,-4.01084873,0,-3.599324945,0,-169.1194736,0,-159.8297357,0,-66.66666877,0,-66.66666456,0,-22.33976312,0,-15.51272609,7.753742474,-15.51272609,-7.753742474,-0.05727533725,3.292762153,-0.05727533725,-3.292762153,-4.01084873,0,-3.590788868,0,-0.4547790319,0.5210605747,-0.4547790319,-0.5210605747
-0.0003329107221,0.01871687797,-0.0003329107221,-0.01871687797,-169.1194736,0,-161.6653156,0,-66.66667493,0,-66.66665841,0,-22.33976312,0,-15.10234361,5.688450203,-15.10234361,-5.688450203,-4.685751845e-05,3.323004961,-4.685751845e-05,-3.323004961,-4.01084873,0,-3.599323152,0,-169.1194736,0,-159.8297357,0,-66.66666877,0,-66.66666456,0,-22.33976312,0,-15.51272609,7.753742474,-15.51272609,-7.753742474,-0.05727533725,3.292762153,-0.05727533725,-3.292762153,-4.01084873,0,-3.590788868,0,-0.4547790319,0.5210605747,-0.4547790319,-0.5210605747
-0.0005088429989,0.02313796263,-0.0005088429989,-0.02313796263,-169.1194736,0,-161.6646865,0,-66.66666856,0,-66.66666477,0,-22.33976312,0,-15.10245882,5.689244402,-15.10245882,-5.689244402,-7.162005384e-05,3.323000969,-7.162005384e-05,-3.323000969,-4.01084873,0,-3.599320412,0,-169.1194736,0,-159.8297357,0,-66.66666877,0,-66.66666456,0,-22.33976312,0,-15.51272609,7.753742474,-15.51272609,-7.753742474,-0.05727533725,3.292762153,-0.05727533725,-3.292762153,-4.01084873,0,-3.590788868,0,-0.4547790319,0.5210605747,-0.4547790319,-0.5210605747
-0.0007777327921,0.02860177075,-0.0007777327921,-0.02860177075,-169.1194736,0,-161.663725,0,-66.66667853,0,-66.6666548,0,-22.33976312,0,-15.10263495,5.69045822,-15.10263495,-5.69045822,-0.0001094662429,3.322994855,-0.0001094662429,-3.322994855,-4.01084873,0,-3.599316223,0,-169.1194736,0,-159.8297357,0,-66.66666877,0,-66.66666456,0,-22.33976312,0,-15.51272609,7.753742474,-15.51272609,-7.753742474,-0.05727533725,3.292762153,-0.05727533725,-3.292762153,-4.01084873,0,-3.590788868,0,-0.4547790319,0.5210605747,-0.4547790319,-0.5210605747
-0.001188673639,0.03535283025,-0.001188673639,-0.03535283025,-169.1194736,0,-161.6622552,0,-66.66666916,0,-66.66666418,0,-22.33976312,0,-15.10290425,5.69231325,-15.10290425,-5.69231325,-0.0001673057195,3.322985484,-0.0001673057195,-3.322985484,-4.01084873,0,-3.59930982,0,-169.1194736,0,-159.8297357,0,-66.66666877,0,-66.66666456,0,-22.33976312,0,-15.51272609,7.753742474,-15.51272609,-7.753742474,-0.05727533725,3.292762153,-0.05727533725,-3.292762153,-4.01084873,0,-3.590788868,0,-0.4547790319,0.5210605747,-0.4547790319,-0.5210605747
-0.001816656712,0.04369176478,-0.001816656712,-0.04369176478,-169.1194736,0,-161.6600086,0,-66.66667398,0,-66.66665935,0,-22.33976312,0,-15.10331608,5.695147956,-15.10331608,-5.695147956,-0.0002556927245,3.322971096,-0.0002556927245,-3.322971096,-4.01084873,0,-3.599300031,0,-169.1194736,0,-159.8297357,0,-66.66666877,0,-66.66666456,0,-22.33976312,0,-15.51272609,7.753742474,-15.51272609,-7.753742474,-0.05727533725,3.292762153,-0.05727533725,-3.292762153,-4.01084873,0,-3.590788868,0,-0.4547790319,0.5210605747,-0.4547790319,-0.5210605747
-0.002776192086,0.05398704444,-0.002776192086,-0.05398704444,-169.1194736,0,-161.6565744,0,-66.66667682,0,-66.66665651,0,-22.33976312,0,-15.10394605,5.699479108,-15.10394605,-5.699479108,-0.0003907424867,3.322948958,-0.0003907424867,-3.322948958,-4.01084873,0,-3.599285065,0,-169.1194736,0,-159.8297357,0,-66.66666877,0,-66.66666456,0,-22.33976312,0,-15.51272609,7.753742474,-15.51272609,-7.753742474,-0.05727533725,3.292762153,-0.05727533725,-3.292762153,-4.01084873,0,-3.590788868,0,-0.4547790319,0.5210605747,-0.4547790319,-0.5210605747
-0.004242040769,0.06668817636,-0.004242040769,-0.06668817636,-169.1194736,0,-161.651325,0,-66.66667701,0,-66.66665632,0,-22.33976312,0,-15.10491007,5.706095256,-15.10491007,-5.706095256,-0.0005970469936,3.322914777,-0.0005970469936,-3.322914777,-4.01084873,0,-3.59926218,0,-169.1194736,0,-159.8297357,0,-66.66666877,0,-66.66666456,0,-22.33976312,0,-15.51272609,7.753742474,-15.51272609,-7.753742474,-0.05727533725,3.292762153,-0.05727533725,-3.292762153,-4.01084873,0,-3.590788868,0,-0.4547790319,0.5210605747,-0.4547790319,-0.5210605747
-0.006480698101,0.08233949124,-0.006480698101,-0.08233949124,-169.1194736,0,-161.6433004,0,-66.6666783,0,-66.66665504,0,-22.33976312,0,-15.10638613,5.716198577,-15.10638613,-5.716198577,-0.0009120997306,3.322861732,-0.0009120997306,-3.322861732,-4.01084873,0,-3.599227183,0,-169.1194736,0,-159.8297357,0,-66.66666877,0,-66.66666456,0,-22.33976312,0,-15.51272609,7.753742474,-15.51272609,-7.753742474,-0.05727533725,3.292762153,-0.05727533725,-3.292762153,-4.01084873,0,-3.590788868,0,-0.4547790319,0.5210605747,-0.4547790319,-0.5210605747
-0.009898037681,0.101592441,-0.009898037681,-0.101592441,-169.1194736,0,-161.6310332,0,-66.6666693,0,-66.66666404,0,-22.33976312,0,-15.10864827,5.731619356,-15.10864827,-5.731619356,-0.001392981833,3.322778794,-0.001392981833,-3.322778794,-4.01084873,0,-3.599173644,0,-169.1194736,0,-159.8297357,0,-66.66666877,0,-66.66666456,0,-22.33976312,0,-15.51272609,7.753742474,-15.51272609,-7.753742474,-0.05727533725,3.292762153,-0.05727533725,-3.292762153,-4.01084873,0,-3.590788868,0,-0.4547790319,0.5210605747,-0.4547790319,-0.5210605747
-0.01511102437,0.1252118806,-0.01511102437,-0.1252118806,-169.1194736,0,-161.6122791,0,-66.66666667,-4.081179632e-06,-66.66666667,4.081179632e-06,-22.33976312,0,-15.11211989,5.755138432,-15.11211989,-5.755138432,-0.002126393959,3.322647697,-0.002126393959,-3.322647697,-4.01084873,0,-3.599091708,0,-169.1194736,0,-159.8297357,0,-66.66666877,0,-66.66666456,0,-22.33976312,0,-15.51272609,7.753742474,-15.51272609,-7.753742474,-0.05727533725,3.292762153,-0.05727533725,-3.292762153,-4.01084873,0,-3.590788868,0,-0.4547790319,0.5210605747,-0.4547790319,-0.5210605747
-0.02305475911,0.1540671137,-0.02305475911,-0.1540671137,-169.1194736,0,-161.5836051,0,-66.66665813,0,-66.6666752,0,-22.33976312,0,-15.11745877,5.790967863,-15.11745877,-5.790967863,-0.003243523658,3.322437279,-0.003243523658,-3.322437279,-4.01084873,0,-3.598966229,0,-169.1194736,0,-159.8297357,0,-66.66666877,0,-66.66666456,0,-22.33976312,0,-15.51272609,7.753742474,-15.51272609,-7.753742474,-0.05727533725,3.292762153,-0.05727533725,-3.292762153,-4.01084873,0,-3.590788868,0,-0.4547790319,0.5210605747,-0.4547790319,-0.5210605747
-0.0351401921,0.1890896071,-0.0351401921,-0.1890896071,-169.1194736,0,-161.5397578,0,-66.66665532,0,-66.66667802,0,-22.33976312,0,-15.1256951,5.845458348,-15.1256951,-5.845458348,-0.004941586016,3.322092451,-0.004941586016,-3.322092451,-4.01084873,0,-3.598773874,0,-169.1194736,0,-159.8297357,0,-66.66666877,0,-66.66666456,0,-22.33976312,0,-15.51272609,7.753742474,-15.51272609,-7.753742474,-0.05727533725,3.292762153,-0.05727533725,-3.292762153,-4.01084873,0,-3.590788868,0,-0.4547790319,0.5210605747,-0.4547790319,-0.5210605747
-0.0534817322,0.2311627682,-0.0534817322,-0.2311627682,-169.1194736,0,-161.4726932,0,-66.66665682,0,-66.66667651,0,-22.33976312,0,-15.13846147,5.928120972,-15.13846147,-5.928120972,-0.007513660284,3.32151208,-0.007513660284,-3.32151208,-4.01084873,0,-3.598478546,0,-169.1194736,0,-159.8297357,0,-66.66666877,0,-66.66666456,0,-22.33976312,0,-15.51272609,7.753742474,-15.51272609,-7.753742474,-0.05727533725,3.292762153,-0.05727533725,-3.292762153,-4.01084873,0,-3.590788868,0,-0.4547790319,0.5210605747,-0.4547790319,-0.5210605747
-0.08121489168,0.2808788551,-0.08121489168,-0.2808788551,-169.1194736,0,-161.3700829,0,-66.66666667,4.213249879e-06,-66.66666667,-4.213249879e-06,-22.33976312,0,-15.15838837,6.053063144,-15.15838837,-6.053063144,-0.01138601802,3.320503847,-0.01138601802,-3.320503847,-4.01084873,0,-3.598024043,0,-169.1194736,0,-159.8297357,0,-66.66666877,0,-66.66666456,0,-22.33976312,0,-15.51272609,7.753742474,-15.51272609,-7.753742474,-0.05727533725,3.292762153,-0.05727533725,-3.292762153,-4.01084873,0,-3.590788868,0,-0.4547790319,0.5210605747,-0.4547790319,-0.5210605747
-0.1229150941,0.3380428825,-0.1229150941,-0.3380428825,-169.1194736,0,-161.2130053,0,-66.6666547,0,-66.66667864,0,-22.33976312,0,-15.18981146,6.240930099,-15.18981146,-6.240930099,-0.01715253749,3.31869259,-0.01715253749,-3.31869259,-4.01084873,0,-3.597322003,0,-169.1194736,0,-159.8297357,0,-66.66666877,0,-66.66666456,0,-22.33976312,0,-15.51272609,7.753742474,-15.51272609,-7.753742474,-0.05727533725,3.292762153,-0.05727533725,-3.292762153,-4.01084873,0,-3.590788868,0,-0.4547790319,0.5210605747,-0.4547790319,-0.5210605747
-0.1850946977,0.4007013759,-0.1850946977,-0.4007013759,-169.1194736,0,-160.9723562,0,-66.66666028,0,-66.66667306,0,-22.33976312,0,-15.24008886,6.521394332,-15.24008886,-6.521394332,-0.02556535457,3.315342074,-0.02556535457,-3.315342074,-4.01084873,0,-3.596231424,0,-169.1194736,0,-159.8297357,0,-66.66666877,0,-66.66666456,0,-22.33976312,0,-15.51272609,7.753742474,-15.51272609,-7.753742474,-0.05727533725,3.292762153,-0.05727533725,-3.292762153,-4.01084873,0,-3.590788868,0,-0.4547790319,0.5210605747,-0.4547790319,-0.5210605747
-0.2766652076,0.4632695234,-0.2766652076,-0.4632695234,-169.1194736,0,-160.6032176,0,-66.66665655,0,-66.66667678,0,-22.33976312,0,-15.32214917,6.936124976,-15.32214917,-6.936124976,-0.03735852948,3.309049281,-0.03735852948,-3.309049281,-4.01084873,0,-3.5945221,0,-169.1194736,0,-159.8297357,0,-66.66666877,0,-66.66666456,0,-22.33976312,0,-15.51272609,7.753742474,-15.51272609,-7.753742474,-0.05727533725,3.292762153,-0.05727533725,-3.292762153,-4.01084873,0,-3.590788868,0,-0.4547790319,0.5210605747,-0.4547790319,-0.5210605747
-0.409034956,0.5128252028,-0.409034956,-0.5128252028,-169.1194736,0,-160.0359009,0,-66.66665774,0,-66.6666756,0,-22.33976312,0,-15.45954105,7.541950976,-15.45954105,-7.541950976,-0.0526138628,3.297390811,-0.0526138628,-3.297390811,-4.01084873,0,-3.591804788,0,-169.1194736,0,-159.8297357,0,-66.66666877,0,-66.66666456,0,-22.33976312,0,-15.51272609,7.753742474,-15.51272609,-7.753742474,-0.05727533725,3.292762153,-0.05727533725,-3.292762153,-4.01084873,0,-3.590788868,0,-0.4547790319,0.5210605747,-0.4547790319,-0.5210605747
-0.5949580814,0.5208471965,-0.5949580814,-0.5208471965,-169.1194736,0,-159.1613998,0,-66.66666667,5.025715848e-06,-66.66666667,-5.025715848e-06,-22.33976312,0,-15.69639893,8.413364912,-15.69639893,-8.413364912,-0.06929351611,3.277141287,-0.06929351611,-3.277141287,-4.01084873,0,-3.587384584,0,-169.1194736,0,-159.8297357,0,-66.66666877,0,-66.66666456,0,-22.33976312,0,-15.51272609,7.753742474,-15.51272609,-7.753742474,-0.05727533725,3.292762153,-0.05727533725,-3.292762153,-4.01084873,0,-3.590788868,0,-0.4547790319,0.5210605747,-0.4547790319,-0.5210605747
-0.8438960806,0.4155449644,-0.8438960806,-0.4155449644,-169.1194736,0,-157.8069826,0,-66.66666021,0,-66.66667312,0,-22.33976312,0,-16.11606557,9.641845726,-16.11606557,-9.641845726,-0.08163491032,3.246683709,-0.08163491032,-3.246683709,-4.01084873,0,-3.579909725,0,-169.1194736,0,-159.8297357,0,-66.66666877,0,-66.66666456,0,-22.33976312,0,-15.51272609,7.753742474,-15.51272609,-7.753742474,-0.05727533725,3.292762153,-0.05727533725,-3.292762153,-4.01084873,0,-3.590788868,0,-0.4547790319,0.5210605747,-0.4547790319,-0.5210605747
-1.045030132,0.02812855349,-1.045030132,-0.02812855349,-169.1194736,0,-156.4947141,0,-66.66665579,0,-66.66667755,0,-22.33976312,0,-16.57305052,10.71706268,-16.57305052,-10.71706268,-0.08370378353,3.222499063,-0.08370378353,-3.222499063,-4.01084873,0,-3.571802468,0,-169.1194736,0,-159.8297357,0,-66.66666877,0,-66.66666456,0,-22.33976312,0,-15.51272609,7.753742474,-15.51272609,-7.753742474,-0.05727533725,3.292762153,-0.05727533725,-3.292762153,-4.01084873,0,-3.590788868,0,-0.4547790319,0.5210605747,-0.4547790319,-0.5210605747
-1.045775891,0,-1.045776165,0,-169.1194736,0,-156.489374,0,-66.66665518,0,-66.66667816,0,-22.33976312,0,-16.57499594,10.72123428,-16.57499594,-10.72123428,-0.08370002585,3.222413032,-0.08370002585,-3.222413032,-4.01084873,0,-3.571767487,0,-169.1194736,0,-159.8297357,0,-66.66666877,0,-66.66666456,0,-22.33976312,0,-15.51272609,7.753742474,-15.51272609,-7.753742474,-0.05727533725,3.292762153,-0.05727533725,-3.292762153,-4.01084873,0,-3.590788868,0,-0.4547790319,0.5210605747,-0.4547790319,-0.5210605747
-1.018382226,0,-1.074660609,0,-169.1194736,0,-156.4840335,0,-66.66666183,0,-66.6666715,0,-22.33976312,0,-16.57694213,10.7254046,-16.57694213,-10.7254046,-0.08369619368,3.222327094,-0.08369619368,-3.222327094,-4.01084873,0,-3.571732486,0,-169.1194736,0,-159.8297357,0,-66.66666877,0,-66.66666456,0,-22.33976312,0,-15.51272609,7.753742474,-15.51272609,-7.753742474,-0.05727533725,3.292762153,-0.05727533725,-3.292762153,-4.01084873,0,-3.590788868,0,-0.4547790319,0.5210605747,-0.4547790319,-0.5210605747
-0.8002609483,0,-1.501756315,0,-169.1194736,0,-155.6931558,0,-66.66666378,0,-66.66666956,0,-22.33976312,0,-16.87184412,11.32626895,-16.87184412,-11.32626895,-0.08243746277,3.210648992,-0.08243746277,-3.210648992,-4.01084873,0,-3.56634922,0,-169.1194736,0,-159.8297357,0,-66.66666877,0,-66.66666456,0,-22.33976312,0,-15.51272609,7.753742474,-15.51272609,-7.753742474,-0.05727533725,3.292762153,-0.05727533725,-3.292762153,-4.01084873,0,-3.590788868,0,-0.4547790319,0.5210605747,-0.4547790319,-0.5210605747
-0.6700471239,0,-2.306036507,0,-169.1194736,0,-152.3516637,0,-66.6666528,0,-66.66668053,0,-22.33976312,0,-18.23132561,13.54808297,-18.23132561,-13.54808297,-0.07092136496,3.179051107,-0.07092136496,-3.179051107,-4.01084873,0,-3.537844169,0,-169.1194736,0,-159.8297357,0,-66.66666877,0,-66.66666456,0,-22.33976312,0,-15.51272609,7.753742474,-15.51272609,-7.753742474,-0.05727533725,3.292762153,-0.05727533725,-3.292762153,-4.01084873,0,-3.590788868,0,-0.4547790319,0.5210605747,-0.4547790319,-0.5210605747
-0.6234521629,0,-3.049148825,0,-169.1194736,0,-146.9487398,0,-66.66665272,0,-66.66668062,0,-22.33976312,0,-20.65121182,16.33107246,-20.65121182,-16.33107246,-0.05402985115,3.157828996,-0.05402985115,-3.157828996,-4.01084873,0,-3.438261299,0,-169.1194736,0,-159.8297357,0,-66.66666877,0,-66.66666456,0,-22.33976312,0,-15.51272609,7.753742474,-15.51272609,-7.753742474,-0.05727533725,3.292762153,-0.05727533725,-3.292762153,-4.01084873,0,-3.590788868,0,-0.4547790319,0.5210605747,-0.4547790319,-0.5210605747
-0.6176502267,0,-3.278330715,0,-169.1194736,0,-145.5457283,0,-66.66665299,0,-66.66668034,0,-22.33976312,0,-21.30406523,16.93021252,-21.30406523,-16.93021252,-0.05075786791,3.154882535,-0.05075786791,-3.154882535,-4.01084873,0,-3.318730039,0,-169.1194736,0,-159.8297357,0,-66.66666877,0,-66.66666456,0,-22.33976312,0,-15.51272609,7.753742474,-15.51272609,-7.753742474,-0.05727533725,3.292762153,-0.05727533725,-3.292762153,-4.01084873,0,-3.590788868,0,-0.4547790319,0.5210605747,-0.4547790319,-0.5210605747
-0.6175839752,0,-3.299180946,-7.009580686e-07,-169.1194736,0,-145.5277715,0,-66.66666667,-6.131068667e-06,-66.66666667,6.131068667e-06,-22.33976312,0,-21.31246549,16.9376012,-21.31246549,-16.9376012,-0.05071855734,3.15484875,-0.05071855734,-3.15484875,-4.01084873,0,-3.299180946,7.009580686e-07,-169.1194736,0,-159.8297357,0,-66.66666877,0,-66.66666456,0,-22.33976312,0,-15.51272609,7.753742474,-15.51272609,-7.753742474,-0.05727533725,3.292762153,-0.05727533725,-3.292762153,-4.01084873,0,-3.590788868,0,-0.4547790319,0.5210605747,-0.4547790319,-0.5210605747
-0.6175178875,0,-3.299830477,-0.02016248051,-169.1194736,0,-145.5098102,0,-66.66665485,0,-66.66667849,0,-22.33976312,0,-21.3208689,16.94498488,-21.3208689,-16.94498488,-0.05067929881,3.154815045,-0.05067929881,-3.154815045,-4.01084873,0,-3.299830477,0.02016248051,-169.1194736,0,-159.8297357,0,-66.66666877,0,-66.66666456,0,-22.33976312,0,-15.51272609,7.753742474,-15.51272609,-7.753742474,-0.05727533725,3.292762153,-0.05727533725,-3.292762153,-4.01084873,0,-3.590788868,0,-0.4547790319,0.5210605747,-0.4547790319,-0.5210605747
-0.5996682325,0,-3.498157051,-0.2912684567,-169.1194736,0,-137.8163521,0,-66.66665441,0,-66.66667893,0,-22.33976312,0,-24.99059283,19.56082885,-24.99059283,-19.56082885,-0.03828270596,3.145779851,-0.03828270596,-3.145779851,-4.01084873,0,-3.498157051,0.2912684567,-169.1194736,0,-159.8297357,0,-66.66666877,0,-66.66666456,0,-22.33976312,0,-15.51272609,7.753742474,-15.51272609,-7.753742474,-0.05727533725,3.292762153,-0.05727533725,-3.292762153,-4.01084873,0,-3.590788868,0,-0.4547790319,0.5210605747,-0.4547790319,-0.5210605747
-0.5949235593,0,-3.559485483,-0.3080957656,-169.1194736,0,-133.9645573,0,-66.66665506,0,-66.66667827,0,-22.33976312,0,-26.86148997,20.53080103,-26.86148997,-20.53080103,-0.03432685533,3.143475831,-0.03432685533,-3.143475831,-4.01084873,0,-3.559485483,0.3080957656,-169.1194736,0,-159.8297357,0,-66.66666877,0,-66.66666456,0,-22.33976312,0,-15.51272609,7.753742474,-15.51272609,-7.753742474,-0.05727533725,3.292762153,-0.05727533725,-3.292762153,-4.01084873,0,-3.590788868,0,-0.4547790319,0.5210605747,-0.4547790319,-0.5210605747
-0.5912827613,0,-3.609323246,-0.3123193236,-169.1194736,0,-129.8528694,0,-66.66664808,0,-66.66668526,0,-22.33976312,0,-28.8725586,21.36493021,-28.8725586,-21.36493021,-0.03108478902,3.141765979,-0.03108478902,-3.141765979,-4.01084873,0,-3.609323246,0.3123193236,-169.1194736,0,-159.8297357,0,-66.66666877,0,-66.66666456,0,-22.33976312,0,-15.51272609,7.753742474,-15.51272609,-7.753742474,-0.05727533725,3.292762153,-0.05727533725,-3.292762153,-4.01084873,0,-3.590788868,0,-0.4547790319,0.5210605747,-0.4547790319,-0.5210605747
-0.5860603274,0,-3.685287847,-0.3031818203,-169.1194736,0,-120.5885628,0,-66.66664552,0,-66.66668781,0,-22.33976312,0,-33.43633449,22.6062773,-33.43633449,-22.6062773,-0.02610883177,3.139431102,-0.02610883177,-3.139431102,-4.01084873,0,-3.685287847,0.3031818203,-169.1194736,0,-159.8297357,0,-66.66666877,0,-66.66666456,0,-22.33976312,0,-15.51272609,7.753742474,-15.51272609,-7.753742474,-0.05727533725,3.292762153,-0.05727533725,-3.292762153,-4.01084873,0,-3.590788868,0,-0.4547790319,0.5210605747,-0.4547790319,-0.5210605747
-0.5835288556,0,-3.724101982,-0.290794743,-169.1194736,0,-113.2078046,0,-66.66664143,0,-66.6666919,0,-22.33976312,0,-37.09171892,23.06453072,-37.09171892,-23.06453072,-0.02355510543,3.138360915,-0.02355510543,-3.138360915,-4.01084873,0,-3.724101982,0.290794743,-169.1194736,0,-159.8297357,0,-66.66666877,0,-66.66666456,0,-22.33976312,0,-15.51272609,7.753742474,-15.51272609,-7.753742474,-0.05727533725,3.292762153,-0.05727533725,-3.292762153,-4.01084873,0,-3.590788868,0,-0.4547790319,0.5210605747,-0.4547790319,-0.5210605747
-0.5815089598,0,-3.756042082,-0.27610208,-169.1194736,0,-104.2478314,0,-66.66662873,0,-66.6667046,0,-22.33976312,0,-41.54288061,23.10107153,-41.54288061,-23.10107153,-0.02144985504,3.137540916,-0.02144985504,-3.137540916,-4.01084873,0,-3.756042082,0.27610208,-169.1194736,0,-159.8297357,0,-66.66666877,0,-66.66666456,0,-22.33976312,0,-15.51272609,7.753742474,-15.51272609,-7.753742474,-0.05727533725,3.292762153,-0.05727533725,-3.292762153,-4.01084873,0,-3.590788868,0,-0.4547790319,0.5210605747,-0.4547790319,-0.5210605747
-0.5784874512,0,-3.80547312,-0.2435022783,-169.1194736,0,-67.18703409,0,-66.66666664,0.0001592080495,-66.66666664,-0.0001592080495,-22.33976312,0,-60.02862137,22.04906657,-60.02862137,-22.04906657,-0.01818749927,3.13637748,-0.01818749927,-3.13637748,-4.01084873,0,-3.80547312,0.2435022783,-169.1194736,0,-159.8297357,0,-66.66666877,0,-66.66666456,0,-22.33976312,0,-15.51272609,7.753742474,-15.51272609,-7.753742474,-0.05727533725,3.292762153,-0.05727533725,-3.292762153,-4.01084873,0,-3.590788868,0,-0.4547790319,0.5210605747,-0.4547790319,-0.5210605747
-0.5784872302,0,-3.805476809,-0.2434993056,-169.1194736,0,-67.17980148,0,-66.66627624,0,-66.66705739,0,-22.33976312,0,-60.03223417,22.05037933,-60.03223417,-22.05037933,-0.01818725567,3.136377398,-0.01818725567,-3.136377398,-4.01084873,0,-3.805476809,0.2434993056,-169.1194736,0,-159.8297357,0,-66.66666877,0,-66.66666456,0,-22.33976312,0,-15.51272609,7.753742474,-15.51272609,-7.753742474,-0.05727533725,3.292762153,-0.05727533725,-3.292762153,-4.01084873,0,-3.590788868,0,-0.4547790319,0.5210605747,-0.4547790319,-0.5210605747
-0.5784716199,0,-3.805737427,-0.2432890587,-169.1194736,0,-66.6699734,-0.004110325263,-66.6624587,0,-66.6699734,0.004110325263,-22.33976312,0,-60.28736336,22.14759823,-60.28736336,-22.14759823,-0.01817004687,3.136371599,-0.01817004687,-3.136371599,-4.01084873,0,-3.805737427,0.2432890587,-169.1194736,0,-159.8297357,0,-66.66666877,0,-66.66666456,0,-22.33976312,0,-15.51272609,7.753742474,-15.51272609,-7.753742474,-0.05727533725,3.292762153,-0.05727533725,-3.292762153,-4.01084873,0,-3.590788868,0,-0.4547790319,0.5210605747,-0.4547790319,-0.5210605747
-0.5784713992,0,-3.805741113,-0.2432860819,-169.1194736,0,-66.6680261,-0.004315714177,-66.65913691,0,-66.6680261,0.004315714177,-22.33976312,0,-60.29096823,22.14903669,-60.29096823,-22.14903669,-0.0181698035,3.136371517,-0.0181698035,-3.136371517,-4.01084873,0,-3.805741113,0.2432860819,-169.1194736,0,-159.8297357,0,-66.66666877,0,-66.66666456,0,-22.33976312,0,-15.51272609,7.753742474,-15.51272609,-7.753742474,-0.05727533725,3.292762153,-0.05727533725,-3.292762153,-4.01084873,0,-3.590788868,0,-0.4547790319,0.5210605747,-0.4547790319,-0.5210605747
-0.5784584848,0,-3.805956762,-0.2431117573,-169.1194736,0,-66.6672008,0,-66.24029398,0,-66.66613186,0,-22.33976312,0,-60.50155451,22.23629252,-60.50155451,-22.23629252,-0.01815556401,3.136366721,-0.01815556401,-3.136366721,-4.01084873,0,-3.805956762,0.2431117573,-169.1194736,0,-159.8297357,0,-66.66666877,0,-66.66666456,0,-22.33976312,0,-15.51272609,7.753742474,-15.51272609,-7.753742474,-0.05727533725,3.292762153,-0.05727533725,-3.292762153,-4.01084873,0,-3.590788868,0,-0.4547790319,0.5210605747,-0.4547790319,-0.5210605747
-0.5784584848,0,-3.805956762,-0.2431117573,-169.1194736,0,-66.66666671,0.0001852746287,-66.24029323,0,-66.66666671,-0.0001852746287,-22.33976312,0,-60.50155451,22.23629252,-60.50155451,-22.23629252,-0.01815556401,3.136366721,-0.01815556401,-3.136366721,-4.01084873,0,-3.805956762,0.2431117573,-169.1194736,0,-159.8297357,0,-66.66666877,0,-66.66666456,0,-22.33976312,0,-15.51272609,7.753742474,-15.51272609,-7.753742474,-0.05727533725,3.292762153,-0.05727533725,-3.292762153,-4.01084873,0,-3.590788868,0,-0.4547790319,0.5210605747,-0.4547790319,-0.5210605747
-0.578455822,0,-3.806001232,-0.2430757697,-169.1194736,0,-66.66704084,0,-66.15356781,0,-66.66629222,0,-22.33976312,0,-60.54487719,22.2550418,-60.54487719,-22.2550418,-0.01815262762,3.136365732,-0.01815262762,-3.136365732,-4.01084873,0,-3.806001232,0.2430757697,-169.1194736,0,-159.8297357,0,-66.66666877,0,-66.66666456,0,-22.33976312,0,-15.51272609,7.753742474,-15.51272609,-7.753742474,-0.05727533725,3.292762153,-0.05727533725,-3.292762153,-4.01084873,0,-3.590788868,0,-0.4547790319,0.5210605747,-0.4547790319,-0.5210605747
-0.5784556015,0,-3.806004914,-0.243072789,-169.1194736,0,-66.66719073,0,-66.14639036,0,-66.66614208,0,-22.33976312,0,-60.54846272,22.25660595,-60.54846272,-22.25660595,-0.01815238446,3.13636565,-0.01815238446,-3.13636565,-4.01084873,0,-3.806004914,0.243072789,-169.1194736,0,-159.8297357,0,-66.66666877,0,-66.66666456,0,-22.33976312,0,-15.51272609,7.753742474,-15.51272609,-7.753742474,-0.05727533725,3.292762153,-0.05727533725,-3.292762153,-4.01084873,0,-3.590788868,0,-0.4547790319,0.5210605747,-0.4547790319,-0.5210605747
-0.5784426858,0,-3.806220632,-0.2428980198,-169.1194736,0,-66.66666671,0.0002839818161,-65.72713892,0,-66.66666671,-0.0002839818161,-22.33976312,0,-60.75789312,22.35130788,-60.75789312,-22.35130788,-0.01813814038,3.136360856,-0.01813814038,-3.136360856,-4.01084873,0,-3.806220632,0.2428980198,-169.1194736,0,-159.8297357,0,-66.66666877,0,-66.66666456,0,-22.33976312,0,-15.51272609,7.753742474,-15.51272609,-7.753742474,-0.05727533725,3.292762153,-0.05727533725,-3.292762153,-4.01084873,0,-3.590788868,0,-0.4547790319,0.5210605747,-0.4547790319,-0.5210605747
-0.5784426858,0,-3.806220632,-0.2428980198,-169.1194736,0,-66.66667174,0,-65.727139,0,-66.66666159,0,-22.33976312,0,-60.75789312,22.35130788,-60.75789312,-22.35130788,-0.01813814038,3.136360856,-0.01813814038,-3.136360856,-4.01084873,0,-3.806220632,0.2428980198,-169.1194736,0,-159.8297357,0,-66.66666877,0,-66.66666456,0,-22.33976312,0,-15.51272609,7.753742474,-15.51272609,-7.753742474,-0.05727533725,3.292762153,-0.05727533725,-3.292762153,-4.01084873,0,-3.590788868,0,-0.4547790319,0.5210605747,-0.4547790319,-0.5210605747
-0.5784269202,0,-3.806484,-0.2426842132,-169.1194736,0,-66.66666667,3.818689441e-05,-65.21943042,0,-66.66666667,-3.818689441e-05,-22.33976312,0,-61.01150932,22.47502865,-61.01150932,-22.47502865,-0.01812074985,3.136355006,-0.01812074985,-3.136355006,-4.01084873,0,-3.806484,0.2426842132,-169.1194736,0,-159.8297357,0,-66.66666877,0,-66.66666456,0,-22.33976312,0,-15.51272609,7.753742474,-15.51272609,-7.753742474,-0.05727533725,3.292762153,-0.05727533725,-3.292762153,-4.01084873,0,-3.590788868,0,-0.4547790319,0.5210605747,-0.4547790319,-0.5210605747
-0.5784269202,0,-3.806484,-0.2426842132,-169.1194736,0,-66.66666667,9.595235967e-05,-65.21943041,0,-66.66666667,-9.595235967e-05,-22.33976312,0,-61.01150932,22.47502865,-61.01150932,-22.47502865,-0.01812074985,3.136355006,-0.01812074985,-3.136355006,-4.01084873,0,-3.806484,0.2426842132,-169.1194736,0,-159.8297357,0,-66.66666877,0,-66.66666456,0,-22.33976312,0,-15.51272609,7.753742474,-15.51272609,-7.753742474,-0.05727533725,3.292762153,-0.05727533725,-3.292762153,-4.01084873,0,-3.590788868,0,-0.4547790319,0.5210605747,-0.4547790319,-0.5210605747
-0.578350211,0,-3.807766233,-0.2416364452,-169.1194736,0,-66.66666667,0.0001228656488,-62.85909357,0,-66.66666667,-0.0001228656488,-22.33976312,0,-62.19051853,23.19330361,-62.19051853,-23.19330361,-0.01803608157,3.136326575,-0.01803608157,-3.136326575,-4.01084873,0,-3.807766233,0.2416364452,-169.1194736,0,-159.8297357,0,-66.66666877,0,-66.66666456,0,-22.33976312,0,-15.51272609,7.753742474,-15.51272609,-7.753742474,-0.05727533725,3.292762153,-0.05727533725,-3.292762153,-4.01084873,0,-3.590788868,0,-0.4547790319,0.5210605747,-0.4547790319,-0.5210605747
-0.5782742873,0,-3.809036631,-0.2405870642,-169.1194736,0,-66.66666667,0.0001731569405,-60.78389836,0,-66.66666667,-0.0001731569405,-22.33976312,0,-63.22696759,24.04842465,-63.22696759,-24.04842465,-0.01795219345,3.136298489,-0.01795219345,-3.136298489,-4.01084873,0,-3.809036631,0.2405870642,-169.1194736,0,-159.8297357,0,-66.66666877,0,-66.66666456,0,-22.33976312,0,-15.51272609,7.753742474,-15.51272609,-7.753742474,-0.05727533725,3.292762153,-0.05727533725,-3.292762153,-4.01084873,0,-3.590788868,0,-0.4547790319,0.5210605747,-0.4547790319,-0.5210605747
-0.5781247485,0,-3.81154257,-0.2384835892,-169.1194736,0,-66.66666667,9.561535262e-05,-57.52608121,0,-66.66666667,-9.561535262e-05,-22.33976312,0,-64.85361047,25.91046409,-64.85361047,-25.91046409,-0.0177867154,3.13624333,-0.0177867154,-3.13624333,-4.01084873,0,-3.81154257,0.2384835892,-169.1194736,0,-159.8297357,0,-66.66666877,0,-66.66666456,0,-22.33976312,0,-15.51272609,7.753742474,-15.51272609,-7.753742474,-0.05727533725,3.292762153,-0.05727533725,-3.292762153,-4.01084873,0,-3.590788868,0,-0.4547790319,0.5210605747,-0.4547790319,-0.5210605747
-0.5779782105,0,-3.814003081,-0.2363740194,-169.1194736,0,-66.66675444,0,-55.16321521,0,-66.66657889,0,-22.33976312,0,-66.03281871,27.74814419,-66.03281871,-27.74814419,-0.01762423295,3.136189483,-0.01762423295,-3.136189483,-4.01084873,0,-3.814003081,0.2363740194,-169.1194736,0,-159.8297357,0,-66.66666877,0,-66.66666456,0,-22.33976312,0,-15.51272609,7.753742474,-15.51272609,-7.753742474,-0.05727533725,3.292762153,-0.05727533725,-3.292762153,-4.01084873,0,-3.590788868,0,-0.4547790319,0.5210605747,-0.4547790319,-0.5210605747
-0.5778345838,0,-3.816419383,-0.2342585533,-169.1194736,0,-66.66666667,7.726135441e-05,-53.36801041,0,-66.66666667,-7.726135441e-05,-22.33976312,0,-66.92823619,29.47875145,-66.92823619,-29.47875145,-0.01746466626,3.136136904,-0.01746466626,-3.136136904,-4.01084873,0,-3.816419383,0.2342585533,-169.1194736,0,-159.8297357,0,-66.66666877,0,-66.66666456,0,-22.33976312,0,-15.51272609,7.753742474,-15.51272609,-7.753742474,-0.05727533725,3.292762153,-0.05727533725,-3.292762153,-4.01084873,0,-3.590788868,0,-0.4547790319,0.5210605747,-0.4547790319,-0.5210605747
-0.576901649,0,-3.832227685,-0.2192566269,-169.1194736,0,-66.66668226,0,-46.89183541,0,-66.66665107,0,-22.33976312,0,-70.15202586,39.10819257,-70.15202586,-39.10819257,-0.01642066129,3.135800237,-0.01642066129,-3.135800237,-4.01084873,0,-3.832227685,0.2192566269,-169.1194736,0,-159.8297357,0,-66.66666877,0,-66.66666456,0,-22.33976312,0,-15.51272609,7.753742474,-15.51272609,-7.753742474,-0.05727533725,3.292762153,-0.05727533725,-3.292762153,-4.01084873,0,-3.590788868,0,-0.4547790319,0.5210605747,-0.4547790319,-0.5210605747
-0.5760828587,0,-3.846264322,-0.2039869909,-169.1194736,0,-66.66666667,2.795520291e-05,-43.90594432,0,-66.66666667,-2.795520291e-05,-22.33976312,0,-71.6322712,46.33511181,-71.6322712,-46.33511181,-0.01549362633,3.135511887,-0.01549362633,-3.135511887,-4.01084873,0,-3.846264322,0.2039869909,-169.1194736,0,-159.8297357,0,-66.66666877,0,-66.66666456,0,-22.33976312,0,-15.51272609,7.753742474,-15.51272609,-7.753742474,-0.05727533725,3.292762153,-0.05727533725,-3.292762153,-4.01084873,0,-3.590788868,0,-0.4547790319,0.5210605747,-0.4547790319,-0.5210605747
-0.5747130178,0,-3.870090629,-0.1724311296,-169.1194736,0,-66.66668732,0,-40.7339122,0,-66.66664602,0,-22.33976312,0,-73.19671932,57.66794165,-73.19671932,-57.66794165,-0.01392017448,3.135045005,-0.01392017448,-3.135045005,-4.01084873,0,-3.870090629,0.1724311296,-169.1194736,0,-159.8297357,0,-66.66666877,0,-66.66666456,0,-22.33976312,0,-15.51272609,7.753742474,-15.51272609,-7.753742474,-0.05727533725,3.292762153,-0.05727533725,-3.292762153,-4.01084873,0,-3.590788868,0,-0.4547790319,0.5210605747,-0.4547790319,-0.5210605747
-0.572708751,0,-3.905734996,-0.09914094624,-169.1194736,0,-66.66666667,-1.065453391e-05,-37.80728435,0,-66.66666667,1.065453391e-05,-22.33976312,0,-74.62774398,74.79792147,-74.62774398,-74.79792147,-0.0115672107,3.134398894,-0.0115672107,-3.134398894,-4.01084873,0,-3.905734996,0.09914094624,-169.1194736,0,-159.8297357,0,-66.66666877,0,-66.66666456,0,-22.33976312,0,-15.51272609,7.753742474,-15.51272609,-7.753742474,-0.05727533725,3.292762153,-0.05727533725,-3.292762153,-4.01084873,0,-3.590788868,0,-0.4547790319,0.5210605747,-0.4547790319,-0.5210605747
-0.5718289468,0,-3.92167902,-0.009898590129,-169.1194736,0,-66.66666667,-4.962896676e-06,-36.8506321,0,-66.66666667,4.962896676e-06,-22.33976312,0,-75.09161788,83.14309809,-75.09161788,-83.14309809,-0.01051531002,3.134129923,-0.01051531002,-3.134129923,-4.01084873,0,-3.92167902,0.009898590129,-169.1194736,0,-159.8297357,0,-66.66666877,0,-66.66666456,0,-22.33976312,0,-15.51272609,7.753742474,-15.51272609,-7.753742474,-0.05727533725,3.292762153,-0.05727533725,-3.292762153,-4.01084873,0,-3.590788868,0,-0.4547790319,0.5210605747,-0.4547790319,-0.5210605747
-0.5718203668,0,-3.921832821,0,-169.1194736,0,-66.66666667,-2.246594332e-05,-36.84198102,0,-66.66666667,2.246594332e-05,-22.33976312,0,-75.09580164,83.22828883,-75.09580164,-83.22828883,-0.01050499459,3.134127346,-0.01050499459,-3.134127346,-4.01084873,0,-3.921837999,0,-169.1194736,0,-159.8297357,0,-66.66666877,0,-66.66666456,0,-22.33976312,0,-15.51272609,7.753742474,-15.51272609,-7.753742474,-0.05727533725,3.292762153,-0.05727533725,-3.292762153,-4.01084873,0,-3.590788868,0,-0.4547790319,0.5210605747,-0.4547790319,-0.5210605747
-0.5718118044,0,-3.912100076,0,-169.1194736,0,-66.66667639,0,-36.83335962,0,-66.66665694,0,-22.33976312,0,-75.09997083,83.31338654,-75.09997083,-83.31338654,-0.01049469931,3.134124775,-0.01049469931,-3.134124775,-4.01084873,0,-3.931882913,0,-169.1194736,0,-159.8297357,0,-66.66666877,0,-66.66666456,0,-22.33976312,0,-15.51272609,7.753742474,-15.51272609,-7.753742474,-0.05727533725,3.292762153,-0.05727533725,-3.292762153,-4.01084873,0,-3.590788868,0,-0.4547790319,0.5210605747,-0.4547790319,-0.5210605747
-0.5712901356,0,-3.852968378,0,-169.1194736,0,-66.66667764,0,-36.32927332,0,-66.66665569,0,-22.33976312,0,-75.34336174,88.66519867,-75.34336174,-88.66519867,-0.009865381997,3.133969802,-0.009865381997,-3.133969802,-4.010848734,0,-4.010099382,0,-169.1194736,0,-159.8297357,0,-66.66666877,0,-66.66666456,0,-22.33976312,0,-15.51272609,7.753742474,-15.51272609,-7.753742474,-0.05727533725,3.292762153,-0.05727533725,-3.292762153,-4.01084873,0,-3.590788868,0,-0.4547790319,0.5210605747,-0.4547790319,-0.5210605747
-0.5712821271,0,-3.852513022,0,-169.1194736,0,-66.66666667,6.913396099e-06,-36.32184284,0,-66.66666667,-6.913396099e-06,-22.33976312,0,-75.34694369,88.75010838,-75.34694369,-88.75010838,-0.009855689234,3.133967449,-0.009855689234,-3.133967449,-4.01084873,8.509642284e-07,-4.01084873,-8.509642284e-07,-169.1194736,0,-159.8297357,0,-66.66666877,0,-66.66666456,0,-22.33976312,0,-15.51272609,7.753742474,-15.51272609,-7.753742474,-0.05727533725,3.292762153,-0.05727533725,-3.292762153,-4.01084873,0,-3.590788868,0,-0.4547790319,0.5210605747,-0.4547790319,-0.5210605747
-0.5712741352,0,-3.85206282,0,-169.1194736,0,-66.66666161,0,-36.31443645,0,-66.66667173,0,-22.33976312,0,-75.35051384,88.8349323,-75.35051384,-88.8349323,-0.009846015449,3.133965101,-0.009846015449,-3.133965101,-4.010848735,0,-4.011592344,0,-169.1194736,0,-159.8297357,0,-66.66666877,0,-66.66666456,0,-22.33976312,0,-15.51272609,7.753742474,-15.51272609,-7.753742474,-0.05727533725,3.292762153,-0.05727533725,-3.292762153,-4.01084873,0,-3.590788868,0,-0.4547790319,0.5210605747,-0.4547790319,-0.5210605747
-0.5694565891,0,-3.794281832,0,-169.1194736,0,-66.66666274,0,-34.82537435,0,-66.66667059,0,-22.33976312,0,-76.064418,111.1038928,-76.064418,-111.1038928,-0.00762125028,3.133452152,-0.00762125028,-3.133452152,-4.01084873,0,-4.136894208,0,-169.1194736,0,-159.8297357,0,-66.66666877,0,-66.66666456,0,-22.33976312,0,-15.51272609,7.753742474,-15.51272609,-7.753742474,-0.05727533725,3.292762153,-0.05727533725,-3.292762153,-4.01084873,0,-3.590788868,0,-0.4547790319,0.5210605747,-0.4547790319,-0.5210605747
-0.567370231,0,-3.761733539,0,-169.1194736,0,-66.66665455,0,-33.47074074,0,-66.66667879,0,-22.33976312,0,-76.70565772,150.1550008,-76.70565772,-150.1550008,-0.005007010143,3.132917073,-0.005007010143,-3.132917073,-4.01084873,0,-4.248911498,0,-169.1194736,0,-159.8297357,0,-66.66666877,0,-66.66666456,0,-22.33976312,0,-15.51272609,7.753742474,-15.51272609,-7.753742474,-0.05727533725,3.292762153,-0.05727533725,-3.292762153,-4.01084873,0,-3.590788868,0,-0.4547790319,0.5210605747,-0.4547790319,-0.5210605747
-0.5660224124,0,-3.747167099,0,-169.1194736,0,-66.66666174,0,-32.73457718,0,-66.66667159,0,-22.33976312,0,-77.04990367,195.167874,-77.04990367,-195.167874,-0.003284130182,3.132603803,-0.003284130182,-3.132603803,-4.01084873,0,-4.315943176,0,-169.1194736,0,-159.8297357,0,-66.66666877,0,-66.66666456,0,-22.33976312,0,-15.51272609,7.753742474,-15.51272609,-7.753742474,-0.05727533725,3.292762153,-0.05727533725,-3.292762153,-4.01084873,0,-3.590788868,0,-0.4547790319,0.5210605747,-0.4547790319,-0.5210605747
-0.5651478217,0,-3.739290668,0,-169.1194736,0,-66.66665829,0,-32.30162657,0,-66.66667504,0,-22.33976312,0,-77.25068771,248.6422492,-77.25068771,-248.6422492,-0.002152001446,3.132414784,-0.002152001446,-3.132414784,-4.01084873,0,-4.358340996,0,-169.1194736,0,-159.8297357,0,-66.66666877,0,-66.66666456,0,-22.33976312,0,-15.51272609,7.753742474,-15.51272609,-7.753742474,-0.05727533725,3.292762153,-0.05727533725,-3.292762153,-4.01084873,0,-3.590788868,0,-0.4547790319,0.5210605747,-0.4547790319,-0.5210605747
-0.5645786786,0,-3.734673152,0,-169.1194736,0,-66.66666667,-4.130435374e-06,-32.03610116,0,-66.66666667,4.130435374e-06,-22.33976312,0,-77.37314391,313.1823279,-77.37314391,-313.1823279,-0.001409319757,3.132297988,-0.001409319757,-3.132297988,-4.01084873,0,-4.385626012,0,-169.1194736,0,-159.8297357,0,-66.66666877,0,-66.66666456,0,-22.33976312,0,-15.51272609,7.753742474,-15.51272609,-7.753742474,-0.05727533725,3.292762153,-0.05727533725,-3.292762153,-4.01084873,0,-3.590788868,0,-0.4547790319,0.5210605747,-0.4547790319,-0.5210605747
-0.5642076198,0,-3.731847462,0,-169.1194736,0,-66.66667175,0,-31.86925942,0,-66.66666159,0,-22.33976312,0,-77.44980474,391.7888762,-77.44980474,-391.7888762,-0.0009226093793,3.132224529,-0.0009226093793,-3.132224529,-4.01084873,0,-4.403316267,0,-169.1194736,0,-159.8297357,0,-66.66666877,0,-66.66666456,0,-22.33976312,0,-15.51272609,7.753742474,-15.51272609,-7.753742474,-0.05727533725,3.292762153,-0.05727533725,-3.292762153,-4.01084873,0,-3.590788868,0,-0.4547790319,0.5210605747,-0.4547790319,-0.5210605747
-0.5639654126,0,-3.730074605,0,-169.1194736,0,-66.66667242,0,-31.76287172,0,-66.66666091,0,-22.33976312,0,-77.49856867,488.0539378,-77.49856867,-488.0539378,-0.0006038456701,3.132177737,-0.0006038456701,-3.132177737,-4.01084873,0,-4.414828694,0,-169.1194736,0,-159.8297357,0,-66.66666877,0,-66.66666456,0,-22.33976312,0,-15.51272609,7.753742474,-15.51272609,-7.753742474,-0.05727533725,3.292762153,-0.05727533725,-3.292762153,-4.01084873,0,-3.590788868,0,-0.4547790319,0.5210605747,-0.4547790319,-0.5210605747
-0.5638071888,0,-3.728945269,0,-169.1194736,0,-66.66666667,4.68646284e-06,-31.69440758,0,-66.66666667,-4.68646284e-06,-22.33976312,0,-77.52989947,606.346847,-77.52989947,-606.346847,-0.0003951572904,3.132147668,-0.0003951572904,-3.132147668,-4.01084873,0,-4.42233619,0,-169.1194736,0,-159.8297357,0,-66.66666877,0,-66.66666456,0,-22.33976312,0,-15.51272609,7.753742474,-15.51272609,-7.753742474,-0.05727533725,3.292762153,-0.05727533725,-3.292762153,-4.01084873,0,-3.590788868,0,-0.4547790319,0.5210605747,-0.4547790319,-0.5210605747
-0.5637037748,0,-3.728218991,0,-169.1194736,0,-66.66666907,0,-31.65009123,0,-66.66666426,0,-22.33976312,0,-77.55015822,752.0221511,-77.55015822,-752.0221511,-0.000258566819,3.132128229,-0.000258566819,-3.132128229,-4.01084873,0,-4.427237898,0,-169.1194736,0,-159.8297357,0,-66.66666877,0,-66.66666456,0,-22.33976312,0,-15.51272609,7.753742474,-15.51272609,-7.753742474,-0.05727533725,3.292762153,-0.05727533725,-3.292762153,-4.01084873,0,-3.590788868,0,-0.4547790319,0.5210605747,-0.4547790319,-0.5210605747
-0.5636361617,0,-3.727749085,0,-169.1194736,0,-66.66666667,3.307224641e-06,-31.6212982,0,-66.66666667,-3.307224641e-06,-22.33976312,0,-77.56331152,931.6664879,-77.56331152,-931.6664879,-0.0001691799455,3.132115611,-0.0001691799455,-3.132115611,-4.01084873,0,-4.430440616,0,-169.1194736,0,-159.8297357,0,-66.66666877,0,-66.66666456,0,-22.33976312,0,-15.51272609,7.753742474,-15.51272609,-7.753742474,-0.05727533725,3.292762153,-0.05727533725,-3.292762153,-4.01084873,0,-3.590788868,0,-0.4547790319,0.5210605747,-0.4547790319,-0.5210605747
-0.5635919458,0,-3.72744387,0,-169.1194736,0,-66.66666667,3.750999025e-06,-31.60254572,0,-66.66666667,-3.750999025e-06,-22.33976312,0,-77.57187418,1153.398598,-77.57187418,-1153.398598,-0.0001106898036,3.132107398,-0.0001106898036,-3.132107398,-4.01084873,0,-4.432534191,0,-169.1194736,0,-159.8297357,0,-66.66666877,0,-66.66666456,0,-22.33976312,0,-15.51272609,7.753742474,-15.51272609,-7.753742474,-0.05727533725,3.292762153,-0.05727533725,-3.292762153,-4.01084873,0,-3.590788868,0,-0.4547790319,0.5210605747,-0.4547790319,-0.5210605747
-0.5635630265,0,-3.727245126,0,-169.1194736,0,-66.66667275,0,-31.59031336,0,-66.66666058,0,-22.33976312,0,-77.57745799,1427.237344,-77.57745799,-1427.237344,-7.241942173e-05,3.132102044,-7.241942173e-05,-3.132102044,-4.01084873,0,-4.433903132,0,-169.1194736,0,-159.8297357,0,-66.66666877,0,-66.66666456,0,-22.33976312,0,-15.51272609,7.753742474,-15.51272609,-7.753742474,-0.05727533725,3.292762153,-0.05727533725,-3.292762153,-4.01084873,0,-3.590788868,0,-0.4547790319,0.5210605747,-0.4547790319,-0.5210605747
-0.5635441102,0,-3.7271155,0,-169.1194736,0,-66.66667117,0,-31.58232598,0,-66.66666216,0,-22.33976312,0,-77.58110335,1765.554977,-77.58110335,-1765.554977,-4.738000664e-05,3.132098549,-4.738000664e-05,-3.132098549,-4.01084873,0,-4.434798417,0,-169.1194736,0,-159.8297357,0,-66.66666877,0,-66.66666456,0,-22.33976312,0,-15.51272609,7.753742474,-15.51272609,-7.753742474,-0.05727533725,3.292762153,-0.05727533725,-3.292762153,-4.01084873,0,-3.590788868,0,-0.4547790319,0.5210605747,-0.4547790319,-0.5210605747
-0.5635317361,0,-3.727030866,0,-169.1194736,0,-66.66666667,-5.614827386e-06,-31.57710699,0,-66.66666667,5.614827386e-06,-22.33976312,0,-77.58348494,2183.636412,-77.58348494,-2183.636412,-3.09977641e-05,3.132096265,-3.09977641e-05,-3.132096265,-4.01084873,0,-4.435384003,0,-169.1194736,0,-159.8297357,0,-66.66666877,0,-66.66666456,0,-22.33976312,0,-15.51272609,7.753742474,-15.51272609,-7.753742474,-0.05727533725,3.292762153,-0.05727533725,-3.292762153,-4.01084873,0,-3.590788868,0,-0.4547790319,0.5210605747,-0.4547790319,-0.5210605747
-0.5635236413,0,-3.726975568,0,-169.1194736,0,-66.66666667,-4.866759191e-06,-31.5736954,0,-66.66666667,4.866759191e-06,-22.33976312,0,-77.58504163,2700.369947,-77.58504163,-2700.369947,-2.027974434e-05,3.132094773,-2.027974434e-05,-3.132094773,-4.01084873,0,-4.435767051,0,-169.1194736,0,-159.8297357,0,-66.66666877,0,-66.66666456,0,-22.33976312,0,-15.51272609,7.753742474,-15.51272609,-7.753742474,-0.05727533725,3.292762153,-0.05727533725,-3.292762153,-4.01084873,0,-3.590788868,0,-0.4547790319,0.5210605747,-0.4547790319,-0.5210605747
-0.5635183457,0,-3.726939422,0,-169.1194736,0,-66.66666298,0,-31.57146464,0,-66.66667036,0,-22.33976312,0,-77.58605945,3339.100683,-77.58605945,-3339.100683,-1.32676048e-05,3.132093797,-1.32676048e-05,-3.132093797,-4.01084873,0,-4.436017626,0,-169.1194736,0,-159.8297357,0,-66.66666877,0,-66.66666456,0,-22.33976312,0,-15.51272609,7.753742474,-15.51272609,-7.753742474,-0.05727533725,3.292762153,-0.05727533725,-3.292762153,-4.01084873,0,-3.590788868,0,-0.4547790319,0.5210605747,-0.4547790319,-0.5210605747
-0.5635148814,0,-3.726915787,0,-169.1194736,0,-66.66666147,0,-31.57000574,0,-66.66667186,0,-22.33976312,0,-77.58672507,4128.685261,-77.58672507,-4128.685261,-8.680030147e-06,3.132093159,-8.680030147e-06,-3.132093159,-4.01084873,0,-4.436181548,0,-169.1194736,0,-159.8297357,0,-66.66666877,0,-66.66666456,0,-22.33976312,0,-15.51272609,7.753742474,-15.51272609,-7.753742474,-0.05727533725,3.292762153,-0.05727533725,-3.292762153,-4.01084873,0,-3.590788868,0,-0.4547790319,0.5210605747,-0.4547790319,-0.5210605747
-0.563512615,0,-3.726900331,0,-169.1194736,0,-66.66666667,-2.006475988e-06,-31.56905152,0,-66.66666667,2.006475988e-06,-22.33976312,0,-77.58716043,5104.795566,-77.58716043,-5104.795566,-5.678701777e-06,3.132092742,-5.678701777e-06,-3.132092742,-4.01084873,0,-4.436288785,0,-169.1194736,0,-159.8297357,0,-66.66666877,0,-66.66666456,0,-22.33976312,0,-15.51272609,7.753742474,-15.51272609,-7.753742474,-0.05727533725,3.292762153,-0.05727533725,-3.292762153,-4.01084873,0,-3.590788868,0,-0.4547790319,0.5210605747,-0.4547790319,-0.5210605747
-0.5635120012,0,-3.726896146,0,-169.1194736,0,-66.66666667,-1.041391274e-05,-31.56879314,0,-66.66666667,1.041391274e-05,-22.33976312,0,-77.58727831,5514.777137,-77.58727831,-5514.777137,-4.865935536e-06,3.132092629,-4.865935536e-06,-3.132092629,-4.01084873,0,-4.436317824,0,-169.1194736,0,-159.8297357,0,-66.66666877,0,-66.66666456,0,-22.33976312,0,-15.51272609,7.753742474,-15.51272609,-7.753742474,-0.05727533725,3.292762153,-0.05727533725,-3.292762153,-4.01084873,0,-3.590788868,0,-0.4547790319,0.5210605747,-0.4547790319,-0.5210605747
-0.5635119975,0,-3.726896121,0,-169.1194736,0,-66.66666667,-3.227881246e-06,-31.56879159,0,-66.66666667,3.227881246e-06,-22.33976312,0,-77.58727902,5517.537206,-77.58727902,-5517.537206,-4.861069634e-06,3.132092628,-4.861069634e-06,-3.132092628,-4.01084873,0,-4.436317998,0,-169.1194736,0,-159.8297357,0,-66.66666877,0,-66.66666456,0,-22.33976312,0,-15.51272609,7.753742474,-15.51272609,-7.753742474,-0.05727533725,3.292762153,-0.05727533725,-3.292762153,-4.01084873,0,-3.590788868,0,-0.4547790319,0.5210605747,-0.4547790319,-0.5210605747
-0.5635119939,0,-3.726896096,0,-169.1194736,0,-66.66667632,0,-31.56879005,0,-66.66665702,0,-22.33976312,0,-77.58727972,5520.295895,-77.58727972,-5520.295895,-4.856213438e-06,3.132092628,-4.856213438e-06,-3.132092628,-4.01084873,0,-4.436318172,0,-169.1194736,0,-159.8297357,0,-66.66666877,0,-66.66666456,0,-22.33976312,0,-15.51272609,7.753742474,-15.51272609,-7.753742474,-0.05727533725,3.292762153,-0.05727533725,-3.292762153,-4.01084873,0,-3.590788868,0,-0.4547790319,0.5210605747,-0.4547790319,-0.5210605747
-0.5635111322,0,-3.726890221,0,-169.1194736,0,-66.66666835,0,-31.56842733,0,-66.66666498,0,-22.33976312,0,-77.58744521,6311.530333,-77.58744521,-6311.530333,-3.715149678e-06,3.132092469,-3.715149678e-06,-3.132092469,-4.01084873,0,-4.43635894,0,-169.1194736,0,-159.8297357,0,-66.66666877,0,-66.66666456,0,-22.33976312,0,-15.51272609,7.753742474,-15.51272609,-7.753742474,-0.05727533725,3.292762153,-0.05727533725,-3.292762153,-4.01084873,0,-3.590788868,0,-0.4547790319,0.5210605747,-0.4547790319,-0.5210605747
-0.5635101622,0,-3.726883608,0,-169.1194736,0,-66.66666667,8.123941001e-06,-31.56801901,0,-66.66666667,-8.123941001e-06,-22.33976312,0,-77.58763149,7803.407438,-77.58763149,-7803.407438,-2.430542353e-06,3.13209229,-2.430542353e-06,-3.13209229,-4.01084873,0,-4.436404837,0,-169.1194736,0,-159.8297357,0,-66.66666877,0,-66.66666456,0,-22.33976312,0,-15.51272609,7.753742474,-15.51272609,-7.753742474,-0.05727533725,3.292762153,-0.05727533725,-3.292762153,-4.01084873,0,-3.590788868,0,-0.4547790319,0.5210605747,-0.4547790319,-0.5210605747
-0.5635083315,0,-3.72687113,0,-169.1194736,0,-66.66668689,0,-31.56724848,0,-66.66664644,0,-22.33976312,0,-77.58798303,156075.8414,-77.58798303,-156075.8414,-6.076453563e-09,3.132091954,-6.076453563e-09,-3.132091954,-4.01084873,0,-4.436491456,0,-169.1194736,0,-159.8297357,0,-66.66666877,0,-66.66666456,0,-22.33976312,0,-15.51272609,7.753742474,-15.51272609,-7.753742474,-0.05727533725,3.292762153,-0.05727533725,-3.292762153,-4.01084873,0,-3.590788868,0,-0.4547790319,0.5210605747,-0.4547790319,-0.5210605747
-0.5635083269,0,-3.726871099,0,-169.1194736,0,-66.66666682,0,-31.56724655,0,-66.66666652,0,-22.33976312,0,Inf,0,Inf,0,-2.886579864e-15,3.132091953,-2.886579864e-15,-3.132091953,-4.01084873,0,-4.436491673,0,-169.1194736,0,-159.8297357,0,-66.66666877,0,-66.66666456,0,-22.33976312,0,-15.51272609,7.753742474,-15.51272609,-7.753742474,-0.05727533725,3.292762153,-0.05727533725,-3.292762153,-4.01084873,0,-3.590788868,0,-0.4547790319,0.5210605747,-0.4547790319,-0.5210605747
